"","FAMNUM","SITE","FAMSIZE","TREAT","TOTFAMINC74","HHHRWRK","RACIALHH","MHETHNIC","FHETHNIC","AVGPROD","HMEVAL","VEHVAL","OTHVAL","LIQASSETS","DEBTS"
"1",1352,"Winnipeg",2,6,8768,720,0,"Ukrainian","Scottish",12.1777777777778,NA,0,NA,4000,610
"2",1358,"Winnipeg",6,5,3850,820,0,"Canadian","Canadian",4.69512195121951,NA,100,NA,0,0
"3",1443,"Winnipeg",6,9,5850,640,0,"Canadian","Canadian",9.140625,18000,2300,4000,4491,0
"4",1459,"Winnipeg",6,2,6279,NA,1,NA,"Native Indian non-band",NA,20000,900,NA,300,1600
"5",1471,"Winnipeg",7,7,5194,NA,1,NA,"Native Indian non-band",NA,NA,0,NA,0,0
"6",1521,"Winnipeg",1,9,13242,NA,0,NA,"Canadian",NA,NA,0,NA,NA,0
"7",1523,"Winnipeg",4,9,11330,840,1,"Philippine","Canadian",13.4880952380952,18000,0,NA,200,2100
"8",1568,"Winnipeg",3,3,1146,NA,0,NA,"German",NA,NA,0,NA,5,7100
"9",1574,"Winnipeg",4,6,13872,775,0,"English","English",17.8993548387097,20000,950,NA,4650,655
"10",1581,"Winnipeg",5,9,10723,775,0,"English","English",13.8361290322581,20000,400,NA,600,70
"11",1587,"Winnipeg",4,9,11112,800,1,"African","African",13.89,19000,0,NA,5000,0
"12",1698,"Winnipeg",4,4,11596,800,0,NA,NA,14.495,NA,0,NA,300,1000
"13",1703,"Winnipeg",4,3,5393,725,0,NA,"Polish",7.43862068965517,NA,1400,NA,7000,0
"14",1706,"Winnipeg",3,2,6780,800,0,"Canadian","French",8.475,NA,4000,NA,1800,0
"15",1758,"Winnipeg",5,4,7966,800,0,NA,"Yugoslavian/Czech/Hungarian",9.9575,30000,0,NA,0,1000
"16",1768,"Winnipeg",3,6,5856,530,0,"Irish","French",11.0490566037736,NA,400,NA,90,0
"17",1776,"Winnipeg",3,1,12432,430,0,"Canadian","Canadian",28.9116279069767,14000,1050,NA,2500,300
"18",1779,"Winnipeg",3,4,4703,1070,0,"English","English",4.39532710280374,NA,2500,NA,1000,850
"19",1794,"Winnipeg",1,1,8716,NA,1,NA,"Philippine",NA,NA,0,NA,560,50
"20",1834,"Winnipeg",2,8,4054,NA,0,NA,NA,NA,30000,0,NA,2100,400
"21",1906,"Winnipeg",1,8,17874,NA,0,NA,"German",NA,NA,0,NA,NA,0
"22",1920,"Winnipeg",5,4,8724,445,0,NA,NA,19.6044943820225,9000,600,NA,500,6500
"23",1959,"Winnipeg",5,4,8479,765,0,"Irish","Ukrainian",11.083660130719,NA,250,NA,0,1775
"24",2006,"Winnipeg",3,8,8095,763,0,"Irish","Irish",10.6094364351245,NA,500,NA,700,1525
"25",2011,"Winnipeg",4,4,9830,655,0,"Canadian","Canadian",15.0076335877863,NA,1000,NA,1300,4250
"26",2039,"Winnipeg",1,8,13875,NA,0,NA,"Ukrainian",NA,NA,0,NA,0,0
"27",2169,"Winnipeg",2,7,12589,400,0,"Scottish",NA,31.4725,NA,400,NA,600,1000
"28",2198,"Winnipeg",4,8,13787,800,0,"German","English",17.23375,27900,2225,NA,NA,840
"29",2219,"Winnipeg",2,9,2513,NA,0,NA,"Canadian",NA,20000,0,NA,NA,0
"30",2233,"Winnipeg",6,4,8803,775,1,"Other","Other",11.3587096774194,NA,100,NA,3800,0
"31",2248,"Winnipeg",4,1,10487,1360,0,NA,NA,7.71102941176471,22500,0,NA,1200,500
"32",2269,"Winnipeg",1,1,25310,NA,0,"Canadian",NA,NA,NA,0,NA,225,6000
"33",2275,"Winnipeg",7,9,4207,400,0,NA,"Canadian",10.5175,NA,NA,NA,0,49
"34",2277,"Winnipeg",4,2,3960,800,0,"English","Ukrainian",4.95,NA,0,NA,0,2500
"35",2293,"Winnipeg",7,4,732,NA,0,"Ukrainian","German",NA,NA,50,NA,0,2000
"36",2315,"Winnipeg",6,2,7408,970,0,"Ukrainian","Ukrainian",7.63711340206186,NA,300,NA,0,1638
"37",2319,"Winnipeg",1,5,8638,NA,0,NA,NA,NA,NA,0,NA,300,1000
"38",2346,"Winnipeg",4,2,11265,NA,0,NA,"French",NA,27000,NA,NA,0,1575
"39",2368,"Winnipeg",1,5,4107,NA,0,NA,NA,NA,NA,0,NA,0,0
"40",2383,NA,NA,NA,NA,NA,0,NA,NA,NA,NA,NA,NA,NA,NA
"41",2392,"Winnipeg",8,4,4978,NA,0,NA,NA,NA,NA,150,NA,0,150
"42",2435,NA,NA,NA,NA,NA,0,NA,NA,NA,NA,NA,NA,NA,NA
"43",2447,"Winnipeg",6,7,3404,NA,0,NA,NA,NA,NA,0,NA,0,0
"44",2527,"Winnipeg",5,7,10209,800,0,"Canadian",NA,12.76125,25000,1600,NA,9000,0
"45",2534,"Winnipeg",6,8,25782,800,0,"English","Canadian",32.2275,17500,3000,26000,1600,5600
"46",2645,"Winnipeg",5,9,9214,NA,0,NA,NA,NA,30000,400,NA,5800,0
"47",2660,"Winnipeg",8,3,4020,NA,0,NA,"Polish",NA,NA,0,NA,8,573
"48",2662,NA,NA,NA,NA,NA,0,NA,NA,NA,NA,NA,NA,NA,NA
"49",2685,"Winnipeg",5,9,4375,NA,0,NA,"Canadian",NA,NA,0,NA,0,0
"50",2739,"Winnipeg",1,9,7896,NA,0,NA,"German",NA,60000,0,NA,8102,640
"51",2746,"Winnipeg",2,5,15906,NA,0,NA,"Canadian",NA,12000,0,NA,NA,5300
"52",2761,"Winnipeg",1,3,6401,NA,0,NA,"German",NA,NA,0,NA,345,0
"53",2782,"Winnipeg",6,1,7609,675,0,"French","French",11.2725925925926,18000,800,NA,6400,800
"54",2789,"Winnipeg",5,2,7412,775,0,"Icelandic","German",9.56387096774194,NA,0,NA,0,500
"55",2876,"Winnipeg",6,4,5730,775,0,"Canadian","Canadian",7.39354838709677,16000,0,NA,1000,0
"56",2901,"Winnipeg",3,9,10529,800,0,"Canadian","English",13.16125,NA,0,NA,206,1288
"57",2922,"Winnipeg",3,3,10320,NA,0,NA,"Ukrainian",NA,25000,NA,NA,0,0
"58",3009,"Winnipeg",5,9,10453,800,0,NA,NA,13.06625,21000,500,NA,200,500
"59",3084,NA,NA,NA,NA,NA,0,NA,NA,NA,NA,NA,NA,NA,NA
"60",3099,"Winnipeg",1,9,15302,NA,0,NA,"Canadian",NA,NA,0,NA,1500,100
"61",3100,"Winnipeg",1,5,4526,NA,0,"Jewish",NA,NA,NA,0,NA,330,0
"62",3131,"Winnipeg",1,3,9148,NA,0,NA,"Polish",NA,25000,0,10000,4000,0
"63",3167,"Winnipeg",7,4,8074,775,0,NA,NA,10.418064516129,NA,0,NA,0,512
"64",3185,"Winnipeg",1,9,4068,NA,0,NA,NA,NA,NA,0,NA,0,0
"65",3229,"Winnipeg",3,1,8044,755,0,NA,NA,10.6543046357616,NA,200,NA,71,831
"66",3261,"Winnipeg",4,7,7379,760,1,"Native Indian band","Native Indian band",9.70921052631579,NA,10,NA,0,425
"67",3262,"Winnipeg",7,3,3393,670,1,"Native Indian non-band","Native Indian non-band",5.06417910447761,NA,0,NA,0,0
"68",3263,NA,NA,NA,NA,NA,0,NA,NA,NA,NA,NA,NA,NA,NA
"69",3266,"Winnipeg",5,4,7367,800,0,"Polish","Canadian",9.20875,30000,600,NA,3850,674
"70",3281,"Winnipeg",5,1,11102,800,0,NA,NA,13.8775,NA,100,NA,0,2300
"71",3283,"Winnipeg",3,9,4303,NA,0,NA,"Canadian",NA,NA,0,NA,0,450
"72",3408,"Winnipeg",4,2,5753,820,0,"French","French",7.01585365853659,23000,200,NA,500,0
"73",3441,"Winnipeg",7,4,7493,540,0,"Canadian","English",13.8759259259259,NA,940,NA,0,1600
"74",3455,"Winnipeg",4,9,7784,775,0,"Ukrainian","Canadian",10.0438709677419,NA,1750,24000,9100,1250
"75",3470,"Winnipeg",2,1,11965,750,0,NA,NA,15.9533333333333,13000,1000,NA,700,0
"76",3494,NA,NA,NA,NA,NA,0,NA,NA,NA,NA,NA,NA,NA,NA
"77",3505,"Winnipeg",4,3,2046,850,0,NA,NA,2.40705882352941,NA,2100,NA,10000,3234
"78",3531,"Winnipeg",4,9,8360,40,0,"Irish","Irish",209,35000,300,NA,500,250
"79",3614,"Winnipeg",4,3,1114,840,0,NA,NA,1.32619047619048,NA,1700,NA,5,650
"80",3707,"Winnipeg",3,7,8435,NA,0,NA,"Canadian",NA,NA,0,NA,500,0
"81",3779,"Winnipeg",2,8,2494,NA,0,NA,"Polish",NA,NA,50,NA,0,300
"82",3793,NA,NA,NA,NA,NA,0,NA,NA,NA,NA,NA,NA,NA,NA
"83",3815,"Winnipeg",1,9,4050,NA,0,NA,NA,NA,NA,0,NA,0,0
"84",3883,"Winnipeg",5,2,7652,440,0,"Canadian","English",17.3909090909091,15000,1200,NA,NA,1600
"85",3902,"Winnipeg",7,4,9757,600,0,"English","French",16.2616666666667,NA,900,NA,0,828
"86",3908,"Winnipeg",5,3,6553,800,0,NA,NA,8.19125,NA,4900,NA,200,2700
"87",3976,"Winnipeg",2,6,1745,NA,0,NA,"Canadian",NA,NA,0,NA,0,0
"88",3990,"Winnipeg",3,2,10192,695,0,"English","Metis",14.6647482014388,NA,800,NA,2850,300
"89",3998,"Winnipeg",7,7,9199,680,0,"Canadian","Canadian",13.5279411764706,7500,500,NA,NA,NA
"90",4042,"Winnipeg",2,8,4371,775,0,NA,NA,5.64,NA,0,NA,400,0
"91",4056,"Winnipeg",5,1,5572,NA,0,NA,"Canadian",NA,NA,0,NA,0,500
"92",4061,"Winnipeg",2,2,NA,NA,0,NA,"Icelandic",NA,23000,NA,NA,1250,85
"93",4095,NA,NA,NA,NA,NA,0,NA,NA,NA,NA,NA,NA,NA,NA
"94",4097,"Winnipeg",6,4,6710,400,0,"French","French",16.775,NA,0,NA,110,1000
"95",4117,"Winnipeg",4,1,6688,800,0,"Mennonite","Mennonite",8.36,NA,2500,NA,650,3000
"96",4122,"Winnipeg",2,8,4300,NA,0,NA,NA,NA,35000,3500,NA,13200,0
"97",4135,NA,NA,NA,NA,NA,0,NA,NA,NA,NA,NA,NA,NA,NA
"98",4276,"Winnipeg",5,3,8700,725,0,"Canadian","Canadian",12,NA,450,NA,3000,1136
"99",4286,"Winnipeg",3,8,12121,762,1,"Chinese","Chinese",15.9068241469816,NA,3500,NA,75,5000
"100",4342,"Winnipeg",4,5,18440,825,1,"West Indian","West Indian",22.3515151515152,NA,1500,NA,0,4800
"101",4347,"Winnipeg",9,4,7517,770,0,"English",NA,9.76233766233766,18000,4500,NA,750,5100
"102",4354,"Winnipeg",2,5,1056,NA,0,NA,NA,NA,15000,150,NA,17500,0
"103",4355,"Winnipeg",4,5,9152,NA,0,"English",NA,NA,NA,1250,NA,400,0
"104",4366,"Winnipeg",1,1,8058,NA,0,NA,"Canadian",NA,NA,0,NA,80,750
"105",4403,NA,NA,NA,NA,NA,0,NA,NA,NA,NA,NA,NA,NA,NA
"106",4537,"Winnipeg",1,2,8893,NA,0,NA,"English",NA,NA,0,NA,75,0
"107",4539,"Winnipeg",1,9,3864,NA,0,"Canadian",NA,NA,NA,0,NA,0,30
"108",4553,"Winnipeg",4,6,11423,800,0,"Canadian","English",14.27875,NA,0,NA,200,3000
"109",4584,"Winnipeg",2,3,9860,1130,0,"Jewish","Canadian",8.72566371681416,NA,2000,NA,4400,400
"110",4592,"Winnipeg",3,8,6235,800,0,NA,"English",7.79375,15000,3600,NA,1756,150
"111",4634,NA,NA,NA,NA,NA,0,NA,NA,NA,NA,NA,NA,NA,NA
"112",4642,"Winnipeg",5,5,5321,750,0,"Canadian","Norwegian",7.09466666666667,NA,3000,NA,0,300
"113",4733,"Winnipeg",4,9,8139,NA,0,NA,NA,NA,NA,0,NA,100,2400
"114",4765,"Winnipeg",2,5,4559,720,0,NA,NA,6.33194444444444,NA,0,NA,25,150
"115",4789,"Winnipeg",4,6,5694,475,0,NA,"French",11.9873684210526,18000,0,NA,117,786
"116",4822,NA,NA,NA,NA,NA,0,NA,NA,NA,NA,NA,NA,NA,NA
"117",4843,NA,NA,NA,NA,NA,0,NA,NA,NA,NA,NA,NA,NA,NA
"118",4848,"Winnipeg",4,3,5147,200,0,NA,"English",25.735,NA,200,NA,850,0
"119",4933,"Winnipeg",8,1,6237,800,0,"Canadian","Canadian",7.79625,10000,400,NA,300,1838
"120",5046,NA,NA,NA,NA,NA,0,NA,NA,NA,NA,NA,NA,NA,NA
"121",5057,"Winnipeg",4,9,6915,800,0,"Canadian","German",8.64375,23000,1300,NA,6165,1215
"122",5105,"Winnipeg",3,9,14895,645,0,"Canadian","Canadian",23.093023255814,NA,700,NA,1700,1525
"123",5142,"Winnipeg",3,1,3845,NA,0,NA,"Canadian",NA,NA,0,NA,0,0
"124",5205,"Winnipeg",3,9,10473,575,0,NA,NA,18.2139130434783,45000,800,NA,9000,2000
"125",5240,"Winnipeg",5,4,684,NA,0,"Belgian/Dutch","Belgian/Dutch",NA,40000,800,NA,0,600
"126",5241,"Winnipeg",6,3,8026,700,0,"German","German",11.4657142857143,5000,100,NA,4400,0
"127",5268,"Winnipeg",4,6,8236,580,1,"West Indian","West Indian",14.2,NA,2500,NA,1000,413
"128",5272,NA,NA,NA,NA,NA,0,NA,NA,NA,NA,NA,NA,NA,NA
"129",5274,"Winnipeg",5,2,3416,800,1,"Native Indian non-band","Native Indian non-band",4.27,NA,0,NA,0,800
"130",5280,"Winnipeg",4,1,9905,520,0,"Belgian/Dutch",NA,19.0480769230769,NA,500,NA,872,2100
"131",5288,"Winnipeg",3,2,NA,40,1,"Philippine","Philippine",NA,20000,500,NA,0,0
"132",5289,"Winnipeg",1,2,21716,NA,1,NA,"Philippine",NA,NA,0,NA,800,300
"133",5304,"Winnipeg",1,8,4668,NA,0,NA,"Canadian",NA,NA,0,NA,500,0
"134",5306,"Winnipeg",1,4,12932,NA,0,"Ukrainian",NA,NA,NA,0,NA,708,6106
"135",5337,"Winnipeg",1,9,2882,NA,0,NA,NA,NA,NA,0,NA,0,0
"136",5373,"Winnipeg",7,5,8824,NA,0,"French","German",NA,NA,600,NA,525,2900
"137",5393,"Winnipeg",2,6,9916,800,0,"Polish","Polish",12.395,NA,300,NA,2900,0
"138",5405,"Winnipeg",5,5,NA,NA,0,NA,"Irish",NA,NA,200,NA,0,130
"139",5407,NA,NA,NA,NA,NA,0,NA,NA,NA,NA,NA,NA,NA,NA
"140",5409,"Winnipeg",4,4,17319,800,0,"Canadian","English",21.64875,14000,100,NA,3750,2250
"141",5411,NA,NA,9,NA,NA,0,NA,NA,NA,NA,NA,NA,NA,NA
"142",5459,NA,NA,NA,NA,NA,0,NA,NA,NA,NA,NA,NA,NA,NA
"143",5513,"Winnipeg",5,6,6909,NA,0,NA,"Canadian",NA,NA,0,NA,0,2850
"144",5556,"Winnipeg",5,4,7433,400,0,"Italian","Italian",18.5825,16000,600,NA,2000,0
"145",5580,NA,NA,NA,NA,NA,0,NA,NA,NA,NA,NA,NA,NA,NA
"146",5586,"Winnipeg",4,6,7919,800,0,"Canadian","Canadian",9.89875,NA,0,NA,0,0
"147",5615,"Winnipeg",1,5,5534,NA,0,NA,"Canadian",NA,NA,0,NA,1500,0
"148",5617,"Winnipeg",3,1,3472,680,0,"Scottish","French",5.10588235294118,NA,0,NA,0,300
"149",5632,"Winnipeg",3,4,5291,800,0,"Canadian","Canadian",6.61375,NA,600,NA,0,280
"150",5634,NA,NA,NA,NA,NA,0,NA,NA,NA,NA,NA,NA,NA,NA
"151",5647,"Winnipeg",5,5,10533,800,0,"Norwegian","Canadian",13.16625,17000,600,NA,0,3400
"152",5655,"Winnipeg",1,1,10535,NA,0,NA,NA,NA,NA,NA,NA,462,0
"153",5675,"Winnipeg",7,1,NA,400,0,NA,"German",NA,30000,150,NA,200,1000
"154",5708,"Winnipeg",4,3,7768,NA,0,NA,"Scottish",NA,34000,200,NA,1000,0
"155",5726,"Winnipeg",2,6,4519,NA,0,NA,"Canadian",NA,NA,0,NA,1300,80
"156",5875,"Winnipeg",2,6,5826,NA,0,NA,"Ukrainian",NA,NA,0,NA,0,0
"157",5899,NA,NA,NA,NA,NA,0,NA,NA,NA,NA,NA,NA,NA,NA
"158",5943,"Winnipeg",1,2,15911,NA,0,NA,NA,NA,NA,0,NA,500,0
"159",5944,"Winnipeg",1,2,5215,NA,0,NA,NA,NA,NA,0,NA,250,0
"160",5946,"Winnipeg",1,2,4438,NA,0,NA,NA,NA,NA,0,NA,0,3100
"161",5957,"Winnipeg",5,9,7282,800,0,"Mennonite","English",9.1025,17000,200,NA,NA,820
"162",6023,"Winnipeg",3,2,9058,565,0,NA,NA,16.0318584070796,NA,0,NA,0,2650
"163",6027,NA,NA,NA,NA,NA,0,NA,NA,NA,NA,NA,NA,NA,NA
"164",6088,"Winnipeg",1,4,8182,NA,0,NA,"German",NA,NA,0,NA,NA,300
"165",6116,"Winnipeg",6,5,7589,760,0,"German","German",9.98552631578947,25500,2410,NA,1000,2529
"166",6164,NA,NA,NA,NA,NA,0,NA,NA,NA,NA,NA,NA,NA,NA
"167",6309,"Winnipeg",8,8,7487,675,0,"Canadian","Canadian",11.0918518518519,16000,4100,NA,1500,850
"168",6333,"Winnipeg",1,9,6118,NA,0,NA,NA,NA,NA,1200,NA,0,0
"169",6352,"Winnipeg",3,4,5384,800,0,"Metis","Polish",6.73,NA,0,NA,0,1230
"170",6440,"Winnipeg",2,2,10157,NA,0,NA,"English",NA,NA,0,NA,1000,1050
"171",6453,NA,NA,NA,NA,NA,0,NA,NA,NA,NA,NA,NA,NA,NA
"172",6456,"Winnipeg",5,8,6278,400,0,"Ukrainian","Canadian",15.695,NA,0,NA,0,NA
"173",6457,"Winnipeg",6,6,6686,800,0,"Ukrainian","English",8.3575,NA,460,NA,0,1950
"174",6459,"Winnipeg",6,9,2655,NA,0,NA,"English",NA,NA,0,NA,0,60
"175",6496,NA,NA,NA,NA,NA,0,NA,NA,NA,NA,NA,NA,NA,NA
"176",6508,"Winnipeg",5,3,3132,NA,0,NA,"Canadian",NA,NA,0,NA,20,0
"177",6544,"Winnipeg",3,4,7403,NA,0,NA,NA,NA,20000,2800,NA,NA,1206
"178",6589,"Winnipeg",5,9,1723,NA,1,NA,"Native Indian non-band",NA,NA,0,NA,0,0
"179",6618,"Winnipeg",4,2,8448,700,0,"English","English",12.0685714285714,28000,200,NA,3300,0
"180",6619,"Winnipeg",1,3,10706,NA,0,NA,"French",NA,NA,0,NA,1000,600
"181",6629,"Winnipeg",1,2,5694,NA,0,NA,NA,NA,NA,0,NA,3,1080
"182",6643,"Winnipeg",3,8,9485,NA,0,NA,NA,NA,NA,0,NA,NA,685
"183",6647,"Winnipeg",3,1,7904,800,0,"French","English",9.88,NA,800,NA,0,3000
"184",6739,NA,NA,NA,NA,NA,0,NA,NA,NA,NA,NA,NA,NA,NA
"185",6772,"Winnipeg",3,1,12069,760,0,NA,NA,15.8802631578947,NA,2700,NA,500,3866
"186",6861,"Winnipeg",1,6,7672,NA,0,NA,"French",NA,NA,0,NA,300,0
"187",6892,"Winnipeg",1,3,10963,NA,0,"Canadian",NA,NA,NA,2100,NA,16050,0
"188",6893,NA,NA,NA,NA,NA,0,NA,NA,NA,NA,NA,NA,NA,NA
"189",6926,"Winnipeg",3,2,12695,820,0,NA,NA,15.4817073170732,15000,500,NA,NA,2500
"190",6929,"Winnipeg",6,7,9233,925,0,NA,NA,9.98162162162162,20000,1400,NA,2000,2000
"191",6981,"Winnipeg",1,9,1666,NA,1,"Chinese",NA,NA,NA,0,NA,400,900
"192",6993,"Winnipeg",1,3,6431,NA,0,"Canadian",NA,NA,NA,0,NA,2100,400
"193",6997,"Winnipeg",5,7,3889,NA,0,NA,"Canadian",NA,22000,250,NA,722,1000
"194",7043,"Winnipeg",2,1,15435,775,0,"Canadian","Canadian",19.9161290322581,NA,600,NA,2100,3600
"195",7074,"Winnipeg",2,1,1733,NA,0,NA,"Canadian",NA,15000,0,NA,70,269
"196",7103,"Winnipeg",4,2,8657,800,0,NA,"Metis",10.82125,15000,200,NA,0,3965
"197",7109,"Winnipeg",10,8,4220,850,0,"English","Canadian",4.96470588235294,18000,200,NA,100,1500
"198",7119,"Winnipeg",4,6,11836,400,0,"French","Canadian",29.59,20000,600,5000,1300,2000
"199",7134,"Winnipeg",5,6,7870,713,0,"Ukrainian",NA,11.0378681626928,13000,4444,NA,NA,6000
"200",7172,NA,NA,NA,NA,NA,0,NA,NA,NA,NA,NA,NA,NA,NA
"201",7189,"Winnipeg",6,4,8909,780,0,"Irish","Scottish",11.4217948717949,34000,0,NA,2760,4000
"202",7192,"Winnipeg",3,5,2051,NA,0,NA,NA,NA,NA,0,NA,0,0
"203",7229,"Winnipeg",2,9,6192,NA,0,NA,"Metis",NA,NA,1000,NA,0,2900
"204",7231,"Winnipeg",4,9,2444,94,0,NA,NA,26,NA,0,NA,835,880
"205",7234,"Winnipeg",1,4,4432,NA,1,NA,"Native Indian band",NA,NA,650,NA,0,2600
"206",7330,"Winnipeg",3,4,5048,760,0,"English","English",6.64210526315789,NA,0,NA,0,3500
"207",7333,"Winnipeg",7,2,11410,800,0,"Italian","Italian",14.2625,18000,3200,NA,12800,0
"208",7343,"Winnipeg",5,6,1375,400,0,NA,"English",3.4375,NA,0,NA,0,0
"209",7355,"Winnipeg",1,2,2500,NA,0,NA,NA,NA,NA,0,NA,0,0
"210",7369,"Winnipeg",6,9,11820,680,0,NA,NA,17.3823529411765,28000,2950,32000,2600,0
"211",7380,"Winnipeg",2,5,8423,800,0,"French",NA,10.52875,NA,1800,NA,50,1400
"212",7394,"Winnipeg",3,2,2783,NA,0,NA,"Canadian",NA,NA,175,NA,0,0
"213",7444,"Winnipeg",3,1,8066,NA,0,NA,"Canadian",NA,NA,0,NA,0,1300
"214",7485,"Winnipeg",7,2,5309,800,0,"Canadian","Canadian",6.63625,NA,1200,NA,700,3813
"215",7486,"Winnipeg",5,1,5470,760,0,"Irish","Polish",7.19736842105263,NA,3500,NA,25,3825
"216",7498,"Winnipeg",9,3,3624,NA,0,NA,NA,NA,NA,0,NA,0,0
"217",7569,"Winnipeg",1,6,11494,NA,0,NA,"Swedish",NA,NA,0,NA,1500,340
"218",7619,"Winnipeg",1,9,6318,NA,0,NA,"Scottish",NA,NA,0,NA,500,500
"219",7669,"Winnipeg",6,7,7159,400,0,"French",NA,17.8975,NA,200,NA,0,0
"220",7752,"Winnipeg",6,5,6971,NA,0,"French","French",NA,12000,NA,NA,0,NA
"221",7933,"Winnipeg",7,9,5633,560,0,"Canadian","Canadian",10.0589285714286,NA,50,NA,0,2040
"222",7963,"Winnipeg",1,3,12864,NA,1,NA,"Other",NA,NA,0,NA,95,665
"223",7977,NA,NA,NA,NA,NA,0,NA,NA,NA,NA,NA,NA,NA,NA
"224",8052,"Winnipeg",1,6,2803,NA,0,"Polish",NA,NA,NA,0,NA,0,0
"225",8080,"Winnipeg",1,8,17406,NA,0,"Yugoslavian/Czech/Hungarian",NA,NA,NA,100,NA,21000,0
"226",8093,"Winnipeg",3,7,12150,800,0,"Scottish","Scottish",15.1875,NA,1200,NA,1500,1170
"227",8124,"Winnipeg",7,5,9899,800,0,"Canadian","Canadian",12.37375,21000,1850,NA,380,4500
"228",8144,"Winnipeg",5,2,6064,NA,0,NA,"French",NA,NA,0,NA,NA,3088
"229",8173,"Winnipeg",5,7,8460,720,0,NA,"Canadian",11.75,NA,200,NA,0,1200
"230",8193,"Winnipeg",3,2,2498,400,0,NA,"English",6.245,NA,0,NA,0,0
"231",8227,"Winnipeg",6,9,3016,NA,0,NA,NA,NA,NA,0,NA,0,0
"232",8229,"Winnipeg",4,9,8126,460,0,NA,"English",17.6652173913043,20000,700,NA,2800,0
"233",8254,"Winnipeg",4,5,13090,600,0,"English","English",21.8166666666667,30000,1800,NA,11064,0
"234",8267,"Winnipeg",5,3,6323,130,0,NA,"Canadian",48.6384615384615,45000,1000,NA,7000,1050
"235",8283,"Winnipeg",2,5,7565,800,1,"Canadian","Black",9.45625,NA,4500,NA,0,7300
"236",8315,"Winnipeg",4,9,8222,800,0,"Canadian","Canadian",10.2775,NA,650,NA,585,870
"237",8383,"Winnipeg",6,9,11472,800,0,"Canadian","Canadian",14.34,NA,5300,NA,1200,2300
"238",8399,"Winnipeg",3,9,NA,400,0,NA,"Canadian",NA,NA,200,NA,0,8000
"239",8444,"Winnipeg",1,3,19817,NA,0,NA,"Canadian",NA,NA,3500,NA,900,3000
"240",8531,"Winnipeg",10,7,6226,800,0,"English","English",7.7825,NA,NA,NA,0,3600
"241",8552,"Winnipeg",1,4,16662,NA,0,"German",NA,NA,NA,0,NA,1200,900
"242",8585,"Winnipeg",2,5,16130,640,0,"Ukrainian","Ukrainian",25.203125,NA,4500,NA,1050,4850
"243",8594,"Winnipeg",4,1,12791,840,0,"Ukrainian","Ukrainian",15.227380952381,NA,3500,NA,1400,0
"244",8599,"Winnipeg",3,4,8598,800,0,"Canadian","Canadian",10.7475,16000,400,NA,0,2375
"245",8600,"Winnipeg",3,5,6319,640,0,NA,"English",9.8734375,NA,0,NA,3,1000
"246",8632,"Winnipeg",6,5,8969,800,0,"Canadian","Canadian",11.21125,9000,1625,NA,0,7300
"247",8635,"Winnipeg",4,9,8601,815,0,NA,NA,10.5533742331288,20000,3400,NA,0,4900
"248",8651,"Winnipeg",1,5,6252,NA,0,NA,"Belgian/Dutch",NA,12000,0,NA,4500,0
"249",8660,"Winnipeg",3,5,7664,800,0,"Canadian","Canadian",9.58,NA,500,NA,0,0
"250",8671,"Winnipeg",4,5,10396,775,0,"Ukrainian","Ukrainian",13.4141935483871,27000,2700,16000,NA,0
"251",8707,"Winnipeg",1,3,775,NA,0,NA,NA,NA,NA,0,NA,0,0
"252",8779,"Winnipeg",6,5,6748,800,0,"Canadian","English",8.435,18000,300,NA,0,120
"253",8811,"Winnipeg",4,1,16176,760,0,"Ukrainian","Canadian",21.2842105263158,20000,3800,NA,2000,918
"254",8865,"Winnipeg",1,3,858,NA,0,NA,NA,NA,NA,0,NA,0,0
"255",8879,"Winnipeg",7,8,6980,800,0,"Canadian","Canadian",8.725,NA,300,NA,4000,1246
"256",9100,"Winnipeg",1,2,10159,NA,1,NA,"Philippine",NA,NA,0,NA,300,0
"257",9101,"Winnipeg",1,2,9755,NA,0,NA,NA,NA,NA,0,NA,600,0
"258",9110,NA,NA,7,NA,NA,0,NA,NA,NA,NA,NA,NA,NA,NA
"259",9119,"Winnipeg",2,6,7430,1000,0,"Canadian","Canadian",7.43,NA,0,NA,0,1250
"260",9150,"Winnipeg",5,8,15614,775,0,NA,NA,20.1470967741935,NA,2000,8050,1000,8000
"261",9207,"Winnipeg",2,2,8195,941,0,"French","French",8.70882040382572,NA,1200,15000,502,0
"262",9227,"Winnipeg",1,1,2786,NA,0,NA,"English",NA,NA,250,NA,300,1400
"263",9235,"Winnipeg",2,9,5796,NA,0,NA,NA,NA,NA,0,NA,800,149
"264",9365,"Winnipeg",2,9,9767,NA,0,NA,NA,NA,NA,0,NA,14000,0
"265",9374,"Winnipeg",1,4,6901,NA,0,NA,"Jewish",NA,NA,0,NA,0,200
"266",9519,"Winnipeg",2,9,19380,775,1,"Chinese","Canadian",25.0064516129032,NA,1200,NA,3150,100
"267",9553,"Winnipeg",1,1,14652,NA,0,NA,NA,NA,NA,100,NA,30,650
"268",9612,"Winnipeg",1,3,4054,NA,0,NA,"Canadian",NA,NA,0,NA,537,205
"269",9617,"Winnipeg",2,8,9326,633,0,NA,NA,14.7330173775671,NA,0,NA,100,1224
"270",9625,"Winnipeg",2,9,7590,NA,0,NA,NA,NA,NA,0,NA,485,474
"271",9673,"Winnipeg",6,6,3181,400,0,"Metis",NA,7.9525,NA,450,NA,0,0
"272",9676,NA,NA,NA,NA,NA,0,NA,NA,NA,NA,NA,NA,NA,NA
"273",9679,"Winnipeg",5,4,9878,615,0,"Canadian","Russian",16.0617886178862,30000,400,NA,2600,500
"274",9749,"Winnipeg",2,4,3894,0,0,NA,NA,0,NA,0,NA,0,0
"275",9776,"Winnipeg",6,3,7323,530,0,"Canadian","Canadian",13.8169811320755,25000,0,NA,14000,700
"276",9786,NA,NA,NA,NA,NA,0,NA,NA,NA,NA,NA,NA,NA,NA
"277",9798,"Winnipeg",4,2,5967,800,0,"Italian","Italian",7.45875,22000,3600,NA,6400,9000
"278",9800,"Winnipeg",2,8,4037,NA,0,NA,"Yugoslavian/Czech/Hungarian",NA,19000,0,NA,2500,245
"279",9837,"Winnipeg",7,7,7983,800,0,"Canadian","Canadian",9.97875,45000,2600,NA,700,240
"280",9957,"Winnipeg",6,8,8680,940,0,"Spanish/Portuguese","Spanish/Portuguese",9.23404255319149,18000,0,NA,0,5000
"281",9971,"Winnipeg",4,3,8661,750,0,NA,"German",11.548,20000,0,NA,0,1400
"282",10021,"Winnipeg",4,2,NA,880,1,"Philippine","Philippine",NA,22000,2900,NA,NA,4600
"283",10023,"Winnipeg",5,9,6763,800,0,"Canadian","Canadian",8.45375,NA,100,NA,1300,2300
"284",10065,"Winnipeg",5,1,9352,800,0,"Canadian","Canadian",11.69,27000,6300,NA,NA,5000
"285",10077,NA,NA,NA,NA,NA,0,NA,NA,NA,NA,NA,NA,NA,NA
"286",10140,"Winnipeg",5,5,4911,NA,0,NA,NA,NA,NA,0,NA,0,0
"287",10150,"Winnipeg",4,4,8500,530,0,"Canadian","Canadian",16.0377358490566,19000,1700,NA,NA,1700
"288",10162,"Winnipeg",5,4,10171,800,0,"French","French",12.71375,30000,400,NA,5800,0
"289",10170,"Winnipeg",4,3,3733,NA,0,NA,"Canadian",NA,NA,0,NA,0,0
"290",10177,"Winnipeg",4,9,6797,800,0,"Canadian","Canadian",8.49625,10000,100,400,0,NA
"291",10254,NA,NA,NA,NA,NA,0,NA,NA,NA,NA,NA,NA,NA,NA
"292",10256,"Winnipeg",1,8,4028,NA,0,NA,NA,NA,NA,0,NA,200,0
"293",10262,"Winnipeg",3,4,9080,490,0,"Canadian","Canadian",18.530612244898,NA,4500,NA,NA,5000
"294",10288,"Winnipeg",3,6,6030,NA,0,"Ukrainian",NA,NA,NA,500,NA,150,275
"295",10323,"Winnipeg",6,3,7916,NA,0,NA,NA,NA,10900,2200,NA,350,2240
"296",10325,"Winnipeg",3,9,7365,750,0,"Canadian","Canadian",9.82,NA,0,NA,900,1350
"297",10361,"Winnipeg",6,5,9000,800,1,"Metis","Native Indian non-band",11.25,8000,3000,NA,600,6800
"298",10419,NA,NA,NA,NA,NA,0,NA,NA,NA,NA,NA,NA,NA,NA
"299",10585,"Winnipeg",3,2,7535,NA,0,"Scottish",NA,NA,NA,0,NA,103,1167
"300",10618,"Winnipeg",6,4,4821,875,0,"German","German",5.50971428571429,45000,NA,NA,5400,0
"301",10678,"Winnipeg",6,5,9672,750,0,NA,"Italian",12.896,20000,3400,NA,2800,0
"302",10701,"Winnipeg",3,2,4102,NA,0,NA,"Irish",NA,NA,1500,NA,NA,1725
"303",10737,"Winnipeg",7,1,4999,NA,0,NA,NA,NA,NA,0,NA,0,1040
"304",10743,"Winnipeg",1,9,3256,NA,0,NA,NA,NA,NA,0,NA,0,400
"305",10747,"Winnipeg",5,3,8131,810,0,"Ukrainian","German",10.0382716049383,NA,900,NA,0,4778
"306",10753,"Winnipeg",5,4,3225,0,0,NA,NA,0,18000,200,NA,NA,550
"307",10859,"Winnipeg",6,1,6233,800,0,"Canadian","Canadian",7.79125,NA,700,NA,300,1620
"308",10869,"Winnipeg",6,6,4980,NA,0,NA,"Canadian",NA,NA,0,NA,0,123
"309",10911,"Winnipeg",3,9,11104,480,0,"Ukrainian",NA,23.1333333333333,NA,2000,NA,NA,300
"310",10923,"Winnipeg",3,3,6299,520,0,"German","Canadian",12.1134615384615,NA,2800,NA,NA,4250
"311",10929,NA,NA,NA,NA,NA,0,NA,NA,NA,NA,NA,NA,NA,NA
"312",11003,"Winnipeg",1,9,2120,NA,0,NA,NA,NA,30000,0,NA,400,0
"313",11028,"Winnipeg",3,6,5473,785,0,"English","English",6.97197452229299,NA,1000,NA,1700,8000
"314",11029,"Winnipeg",3,9,9761,840,0,"Italian","Italian",11.6202380952381,18000,1600,NA,0,0
"315",11047,"Winnipeg",4,2,7857,800,1,"Native Indian band","Native Indian band",9.82125,21000,0,NA,0,850
"316",11073,"Winnipeg",3,4,5127,513,0,"Canadian","Irish",9.99415204678363,NA,550,NA,900,5110
"317",11096,"Winnipeg",3,1,8760,860,0,"Canadian","Canadian",10.1860465116279,NA,800,NA,0,3200
"318",11098,"Winnipeg",3,1,7804,760,0,NA,NA,10.2684210526316,NA,2900,NA,0,8050
"319",11110,"Winnipeg",5,1,8232,720,0,"Canadian","Ukrainian",11.4333333333333,NA,2610,NA,1000,3100
"320",11237,"Winnipeg",4,9,5823,640,0,NA,NA,9.0984375,20000,0,NA,440,2000
"321",11250,"Winnipeg",4,6,8146,785,0,"English","Canadian",10.3770700636943,NA,30,NA,400,2925
"322",11260,"Winnipeg",6,4,4617,880,0,"Canadian","Canadian",5.24659090909091,NA,NA,NA,0,300
"323",11292,"Winnipeg",2,4,9103,798,1,"West Indian","West Indian",11.4072681704261,NA,0,NA,1400,1660
"324",11332,NA,NA,NA,NA,NA,0,NA,NA,NA,NA,NA,NA,NA,NA
"325",11382,"Winnipeg",2,6,9188,NA,0,NA,"Polish",NA,NA,900,NA,250,0
"326",11407,"Winnipeg",2,5,13941,850,0,NA,NA,16.4011764705882,NA,1200,NA,385,1500
"327",11499,"Winnipeg",3,5,10968,800,0,"English","Canadian",13.71,30000,2500,NA,1800,2460
"328",11538,"Winnipeg",5,8,12493,670,0,"Scottish","French",18.6462686567164,NA,600,NA,2200,0
"329",11549,"Winnipeg",3,8,4066,800,0,NA,NA,5.0825,NA,3900,NA,3500,4500
"330",11601,"Winnipeg",4,3,9027,790,0,"French","French",11.426582278481,NA,2300,NA,0,4000
"331",11739,NA,NA,NA,NA,NA,0,NA,NA,NA,NA,NA,NA,NA,NA
"332",11743,"Winnipeg",7,5,7312,800,0,"Canadian","Canadian",9.14,16000,250,NA,6829,1700
"333",11755,"Winnipeg",3,6,5243,NA,0,NA,"Ukrainian",NA,NA,0,NA,300,0
"334",11860,"Winnipeg",2,4,12618,790,0,"Norwegian","Canadian",15.9721518987342,NA,700,NA,500,900
"335",11863,"Winnipeg",2,4,7849,NA,0,NA,"English",NA,NA,50,NA,130,72
"336",11900,"Winnipeg",2,1,6646,NA,0,NA,"Canadian",NA,NA,1000,NA,0,450
"337",11914,"Winnipeg",2,4,10764,NA,0,NA,NA,NA,NA,0,NA,200,0
"338",11955,"Winnipeg",1,9,4861,NA,0,NA,"Canadian",NA,NA,0,NA,800,220
"339",11992,"Winnipeg",3,4,9862,800,0,"Canadian","Canadian",12.3275,NA,400,NA,30,560
"340",12037,"Winnipeg",2,8,2608,0,0,NA,NA,0,NA,0,NA,0,0
"341",12160,"Winnipeg",4,6,6414,750,0,"Canadian","Canadian",8.552,20000,660,NA,0,1450
"342",12189,"Winnipeg",4,6,3236,788,0,"Canadian","Canadian",4.10659898477157,NA,1500,NA,500,3400
"343",12278,"Winnipeg",1,1,0,NA,0,NA,"Canadian",NA,NA,0,NA,225,4845
"344",12279,"Winnipeg",1,-1,NA,NA,0,NA,NA,NA,NA,1000,NA,300,6100
"345",12283,"Winnipeg",4,4,7360,750,0,"Canadian","Canadian",9.81333333333333,19900,3400,NA,60,4430
"346",12330,"Winnipeg",1,6,11504,NA,0,NA,"Canadian",NA,NA,0,NA,0,410
"347",12344,NA,NA,NA,NA,NA,0,NA,NA,NA,NA,NA,NA,NA,NA
"348",12460,"Winnipeg",3,1,8265,775,0,"Canadian","Canadian",10.6645161290323,NA,0,NA,760,740
"349",12490,"Winnipeg",4,8,10071,770,0,"Canadian","Canadian",13.0792207792208,22000,800,NA,400,2600
"350",12497,"Winnipeg",5,4,6822,750,0,"Canadian","Canadian",9.096,17900,150,NA,0,4478
"351",12511,"Winnipeg",12,7,4378,430,1,"Native Indian band","Native Indian band",10.1813953488372,NA,0,NA,0,0
"352",12520,"Winnipeg",3,4,8533,935,0,NA,NA,9.12620320855615,28000,2000,NA,2800,1515
"353",12573,"Winnipeg",5,7,10991,750,0,"Canadian","English",14.6546666666667,40000,5500,NA,22500,500
"354",12580,NA,NA,NA,NA,NA,0,NA,NA,NA,NA,NA,NA,NA,NA
"355",12608,"Winnipeg",3,4,4555,NA,0,NA,"Canadian",NA,NA,2400,NA,1720,1539
"356",12662,NA,NA,NA,NA,NA,0,NA,NA,NA,NA,NA,NA,NA,NA
"357",12688,"Winnipeg",1,6,13673,NA,0,"Canadian",NA,NA,NA,0,NA,0,359
"358",12695,"Winnipeg",1,9,4444,NA,0,NA,NA,NA,NA,0,NA,0,0
"359",12717,"Winnipeg",6,9,8743,720,0,"English","German",12.1430555555556,NA,550,NA,0,4000
"360",12774,"Winnipeg",3,6,5615,NA,0,NA,"Canadian",NA,NA,1200,NA,600,0
"361",12788,"Winnipeg",6,3,765,NA,1,"Philippine","Philippine",NA,17000,2990,NA,200,6000
"362",12890,"Winnipeg",1,5,0,NA,1,NA,"Chinese",NA,NA,0,NA,400,2900
"363",12914,"Winnipeg",1,6,14697,NA,0,"English",NA,NA,NA,0,NA,2875,0
"364",12930,"Winnipeg",2,8,6040,800,0,"Jewish","Jewish",7.55,NA,100,NA,175,1890
"365",12932,"Winnipeg",1,3,10957,NA,0,NA,"Canadian",NA,NA,0,NA,400,0
"366",12935,NA,NA,NA,NA,NA,0,NA,NA,NA,NA,NA,NA,NA,NA
"367",13028,"Winnipeg",3,4,9112,NA,0,NA,"Polish",NA,NA,NA,NA,NA,0
"368",13049,NA,NA,NA,NA,NA,0,NA,NA,NA,NA,NA,NA,NA,NA
"369",13059,"Winnipeg",1,9,1023,NA,0,NA,NA,NA,NA,0,NA,200,0
"370",13077,"Winnipeg",2,7,2087,NA,0,NA,NA,NA,NA,0,NA,100,60
"371",13093,"Winnipeg",1,8,13339,NA,0,NA,"Ukrainian",NA,NA,0,NA,300,0
"372",13120,"Winnipeg",2,8,8556,640,0,"Canadian","Canadian",13.36875,18000,2500,NA,0,2100
"373",13149,"Winnipeg",1,9,0,NA,0,NA,NA,NA,NA,0,NA,500,85
"374",13182,"Winnipeg",1,7,972,NA,0,NA,NA,NA,NA,0,NA,7002,0
"375",13306,"Winnipeg",4,8,4604,820,1,"Canadian","Native Indian band",5.61463414634146,NA,0,NA,0,700
"376",13325,"Winnipeg",2,8,3995,NA,0,NA,"Canadian",NA,NA,0,NA,0,0
"377",13355,"Winnipeg",3,9,4327,NA,0,NA,"English",NA,NA,0,NA,300,0
"378",13365,"Winnipeg",5,2,4966,800,0,"Irish","English",6.2075,NA,300,NA,0,0
"379",13380,"Winnipeg",5,8,8939,800,0,"Canadian","Canadian",11.17375,NA,2000,NA,0,2350
"380",13382,"Winnipeg",1,5,10958,NA,0,NA,"French",NA,NA,0,NA,50,1544
"381",13389,"Winnipeg",1,3,895,NA,0,NA,NA,NA,NA,0,NA,0,215
"382",13392,"Winnipeg",2,4,8132,405,0,"Canadian","Canadian",20.079012345679,NA,50,NA,0,1532
"383",13427,"Winnipeg",7,2,12369,240,0,"French","French",51.5375,30000,3350,NA,10000,0
"384",13447,"Winnipeg",1,9,12890,NA,0,NA,NA,NA,NA,0,NA,500,0
"385",13449,"Winnipeg",1,9,0,NA,0,NA,NA,NA,NA,0,NA,100,650
"386",13647,"Winnipeg",3,6,7578,385,1,"Philippine",NA,19.6831168831169,NA,0,NA,300,1628
"387",13649,"Winnipeg",3,2,5002,800,0,"Canadian","Canadian",6.2525,NA,550,NA,0,3980
"388",13685,"Winnipeg",3,9,6725,440,0,"English","Canadian",15.2840909090909,NA,0,NA,0,385
"389",13688,"Winnipeg",4,3,5122,800,0,"English","Scottish",6.4025,NA,800,NA,125,2149
"390",13705,"Winnipeg",1,3,3549,NA,0,NA,NA,NA,NA,0,NA,0,0
"391",13706,"Winnipeg",1,3,0,NA,0,NA,NA,NA,NA,150,NA,6950,250
"392",13718,"Winnipeg",4,4,9582,615,0,"Scottish","Canadian",15.580487804878,NA,2800,NA,560,5750
"393",13784,"Winnipeg",5,3,2638,NA,0,NA,"Metis",NA,NA,0,NA,0,175
"394",13819,NA,NA,NA,NA,NA,0,NA,NA,NA,NA,NA,NA,NA,NA
"395",13846,"Winnipeg",4,3,16541,875,0,"French","Belgian/Dutch",18.904,30000,7700,NA,12750,5000
"396",13862,"Winnipeg",7,5,3393,880,0,"Canadian","Metis",3.85568181818182,NA,800,NA,0,570
"397",13903,"Winnipeg",4,9,5944,800,1,"Other","Scottish",7.43,28000,300,NA,0,394
"398",13922,"Winnipeg",1,5,8721,NA,0,NA,"English",NA,NA,500,NA,2700,3301
"399",13935,"Winnipeg",2,3,4673,600,0,"Scottish","Mennonite",7.78833333333333,NA,1200,NA,9000,5000
"400",13937,"Winnipeg",1,4,11590,NA,0,NA,NA,NA,NA,0,NA,140,0
"401",13976,"Winnipeg",1,5,12597,NA,0,"Jewish",NA,NA,NA,0,NA,400,500
"402",13996,"Winnipeg",2,2,NA,400,0,NA,"Canadian",NA,NA,0,NA,300,105
"403",14031,"Winnipeg",9,2,3757,400,0,"Canadian",NA,9.3925,50000,3900,NA,2800,3000
"404",14059,"Winnipeg",2,2,10724,400,0,"Scottish","French",26.81,NA,3000,NA,3200,2700
"405",14077,"Winnipeg",4,2,5392,NA,0,NA,"Canadian",NA,25000,0,NA,0,0
"406",14097,"Winnipeg",1,9,1549,NA,0,NA,"English",NA,NA,0,NA,430,380
"407",14111,"Winnipeg",3,8,6912,800,0,"French","English",8.64,NA,0,NA,0,4307
"408",14163,"Winnipeg",3,3,7053,800,0,NA,NA,8.81625,NA,0,NA,700,0
"409",14193,"Winnipeg",3,9,10387,675,0,"German","English",15.3881481481481,NA,2900,NA,1200,0
"410",14212,"Winnipeg",4,5,12712,538,0,NA,NA,23.6282527881041,25000,2900,NA,200,2073
"411",14232,"Winnipeg",1,6,13203,NA,0,NA,"German",NA,NA,0,NA,40,176
"412",14316,"Winnipeg",5,6,8791,480,0,"Metis","Metis",18.3145833333333,NA,1000,NA,0,3350
"413",14324,"Winnipeg",3,3,5633,775,1,"Other",NA,7.26838709677419,NA,3800,NA,0,5300
"414",14341,"Winnipeg",1,3,0,NA,0,NA,NA,NA,NA,0,NA,700,600
"415",14388,"Winnipeg",2,5,14939,800,0,NA,NA,18.67375,NA,1400,NA,1200,700
"416",14407,"Winnipeg",2,7,4543,NA,0,NA,NA,NA,NA,300,NA,7500,0
"417",14449,"Winnipeg",4,2,4727,800,0,"Canadian","Canadian",5.90875,NA,150,NA,0,0
"418",14536,"Winnipeg",2,8,14337,780,0,"Scottish","Scottish",18.3807692307692,NA,2100,NA,1500,0
"419",14574,"Winnipeg",1,4,11988,NA,0,NA,"German",NA,NA,0,NA,530,325
"420",14585,NA,NA,NA,NA,NA,0,NA,NA,NA,NA,NA,NA,NA,NA
"421",14695,"Winnipeg",2,2,8040,NA,0,NA,NA,NA,NA,0,NA,3300,0
"422",14707,"Winnipeg",6,3,5835,800,0,"Canadian","Canadian",7.29375,28000,1675,NA,3500,0
"423",14732,"Winnipeg",3,2,9428,800,0,"Canadian","Canadian",11.785,18000,0,NA,0,150
"424",14814,"Winnipeg",4,2,10501,800,1,"Native Indian band","Ukrainian",13.12625,18000,0,NA,0,9590
"425",14846,"Winnipeg",1,5,11678,NA,0,NA,"Canadian",NA,NA,0,NA,900,0
"426",14847,"Winnipeg",1,5,12871,NA,0,NA,"Canadian",NA,NA,0,NA,300,100
"427",14848,"Winnipeg",3,3,NA,NA,0,NA,NA,NA,NA,0,NA,500,2000
"428",14865,"Winnipeg",3,9,22162,810,0,"Canadian",NA,27.3604938271605,NA,0,NA,600,4500
"429",14873,"Winnipeg",1,5,4694,NA,0,NA,"Ukrainian",NA,NA,0,NA,1000,0
"430",14877,"Winnipeg",1,2,11894,NA,0,NA,NA,NA,NA,0,NA,500,1600
"431",14879,NA,NA,NA,NA,NA,0,NA,NA,NA,NA,NA,NA,NA,NA
"432",15011,NA,NA,NA,NA,NA,0,NA,NA,NA,NA,NA,NA,NA,NA
"433",15015,"Winnipeg",2,9,8660,NA,0,NA,"Canadian",NA,NA,0,NA,25,800
"434",15028,"Winnipeg",5,6,6620,830,1,"Native Indian band","Native Indian band",7.97590361445783,NA,10,NA,0,533
"435",15105,"Winnipeg",1,2,8482,NA,0,NA,"German",NA,NA,0,NA,50,0
"436",15108,"Winnipeg",3,1,7254,800,0,"French","French",9.0675,NA,3700,NA,4000,0
"437",15159,"Winnipeg",1,9,6268,NA,0,NA,NA,NA,NA,0,NA,0,0
"438",15160,"Winnipeg",1,6,3804,NA,0,NA,"German",NA,NA,0,NA,0,0
"439",15198,"Winnipeg",4,1,9118,810,0,"Jewish","Canadian",11.2567901234568,NA,1960,NA,NA,4420
"440",15229,"Winnipeg",4,9,NA,850,0,NA,"Irish",NA,NA,1100,NA,600,400
"441",15235,"Winnipeg",2,9,8498,NA,0,NA,NA,NA,NA,3800,NA,0,0
"442",15317,"Winnipeg",2,1,13358,773,0,"Canadian","Canadian",17.2807244501941,NA,4400,NA,3000,2500
"443",15318,"Winnipeg",1,1,15174,NA,0,"English",NA,NA,NA,400,NA,10500,0
"444",15397,"Winnipeg",2,1,6119,0,0,NA,NA,0,NA,0,NA,5,0
"445",15462,"Winnipeg",5,1,11123,900,0,NA,"French",12.3588888888889,NA,1100,NA,4000,0
"446",15532,"Winnipeg",3,8,9339,NA,0,NA,"Irish",NA,28000,5000,NA,44820,0
"447",15597,"Winnipeg",5,9,7726,NA,0,"Metis","French",NA,14000,700,NA,15600,0
"448",15614,NA,NA,NA,NA,NA,0,NA,NA,NA,NA,NA,NA,NA,NA
"449",15639,"Winnipeg",1,9,4895,NA,0,NA,"Ukrainian",NA,NA,0,NA,100,0
"450",15660,"Winnipeg",5,2,8196,800,0,"Ukrainian","Ukrainian",10.245,25000,100,NA,5000,10100
"451",15669,"Winnipeg",1,2,15235,NA,0,NA,"Polish",NA,NA,0,NA,NA,0
"452",15718,"Winnipeg",3,4,5771,430,0,"Polish","Polish",13.4209302325581,NA,3500,NA,0,6100
"453",15742,"Winnipeg",6,6,6311,950,0,NA,NA,6.64315789473684,NA,0,NA,50,2100
"454",15796,"Winnipeg",7,7,9282,640,0,"Canadian","Canadian",14.503125,30000,700,NA,6000,0
"455",15817,"Winnipeg",2,4,5430,NA,0,NA,"Canadian",NA,NA,0,NA,0,0
"456",15855,"Winnipeg",1,1,11846,NA,1,"Philippine",NA,NA,NA,0,NA,470,0
"457",15951,"Winnipeg",2,9,6225,788,0,NA,NA,7.8997461928934,NA,200,NA,100,302
"458",15987,"Winnipeg",4,2,NA,575,0,"Canadian","Canadian",NA,NA,750,NA,2400,400
"459",16058,"Winnipeg",5,4,14074,650,0,"Irish","French",21.6523076923077,49000,2300,NA,9000,240
"460",16063,"Winnipeg",3,7,4071,590,0,"Canadian","Canadian",6.9,NA,0,NA,0,2950
"461",16088,"Winnipeg",5,3,5344,800,0,NA,NA,6.68,NA,1500,NA,NA,2150
"462",16102,"Winnipeg",3,5,10026,NA,0,NA,"French",NA,NA,2800,NA,0,2200
"463",16213,"Winnipeg",1,9,4771,NA,0,"Jewish",NA,NA,NA,0,NA,1000,1600
"464",16258,"Winnipeg",7,4,7498,700,0,"English","English",10.7114285714286,19000,2300,NA,593,4600
"465",16275,"Winnipeg",1,9,4899,NA,0,NA,NA,NA,NA,0,NA,0,0
"466",16391,"Winnipeg",1,2,11010,NA,0,"Canadian",NA,NA,NA,0,NA,250,0
"467",16400,"Winnipeg",6,2,7812,795,0,"Canadian","Canadian",9.82641509433962,9000,600,NA,0,1510
"468",16493,"Winnipeg",2,3,8165,NA,0,NA,"Finnish",NA,NA,0,NA,1000,0
"469",16497,"Winnipeg",7,9,6335,700,0,NA,NA,9.05,NA,0,NA,200,950
"470",16501,"Winnipeg",2,7,19806,750,0,"English","English",26.408,NA,3300,NA,3200,2233
"471",16562,NA,NA,NA,NA,NA,0,NA,NA,NA,NA,NA,NA,NA,NA
"472",16647,"Winnipeg",4,4,9717,NA,0,NA,NA,NA,NA,1100,NA,450,2397
"473",16666,"Winnipeg",1,4,23711,NA,1,"Chinese",NA,NA,NA,0,NA,400,800
"474",16673,"Winnipeg",4,9,9256,620,0,"French","French",14.9290322580645,25000,0,NA,NA,4466
"475",16678,"Winnipeg",2,8,13547,440,0,NA,NA,30.7886363636364,NA,200,NA,1600,550
"476",16687,"Winnipeg",1,2,10840,NA,0,NA,"Ukrainian",NA,NA,0,NA,455,1200
"477",16702,"Winnipeg",3,1,10934,800,0,"English","German",13.6675,NA,2100,NA,150,2200
"478",16727,"Winnipeg",2,1,8861,NA,0,NA,"Polish",NA,NA,0,NA,100,990
"479",16741,"Winnipeg",9,9,2790,NA,1,NA,"Native Indian band",NA,NA,0,NA,40,272
"480",16745,"Winnipeg",4,9,13181,815,0,"Canadian","Canadian",16.1730061349693,NA,4000,NA,25000,7000
"481",16747,"Winnipeg",1,6,0,NA,0,"German",NA,NA,NA,3000,NA,5000,5000
"482",16757,"Winnipeg",5,6,8658,705,0,"Italian","Italian",12.2808510638298,26000,2000,NA,0,0
"483",16761,"Winnipeg",3,9,NA,560,0,NA,NA,NA,NA,0,NA,0,31
"484",16827,"Winnipeg",1,3,0,NA,0,NA,"English",NA,NA,0,NA,1000,1400
"485",16862,"Winnipeg",1,1,11299,NA,1,NA,"Philippine",NA,NA,0,NA,30,900
"486",16883,"Winnipeg",1,4,4493,NA,0,NA,NA,NA,NA,0,NA,0,0
"487",16884,"Winnipeg",1,4,3625,NA,0,NA,NA,NA,NA,0,NA,1,0
"488",16893,"Winnipeg",1,4,9951,NA,0,NA,"English",NA,NA,2200,NA,50,3200
"489",16897,"Winnipeg",3,9,7006,775,0,"Canadian","Canadian",9.04,15000,200,NA,6178,90
"490",16971,"Winnipeg",1,3,12430,NA,0,NA,NA,NA,NA,0,NA,1000,0
"491",16977,"Winnipeg",6,8,2473,800,1,"Metis","Native Indian band",3.09125,NA,0,NA,0,2310
"492",16994,"Winnipeg",1,6,NA,NA,1,NA,"Philippine",NA,NA,0,NA,200,0
"493",16996,"Winnipeg",5,6,11154,775,1,"Philippine","Philippine",14.3922580645161,17400,1500,12000,0,0
"494",16999,"Winnipeg",2,9,4282,NA,0,NA,"Canadian",NA,NA,0,NA,0,0
"495",17020,"Winnipeg",3,6,NA,400,0,NA,"Canadian",NA,NA,3095,NA,7,0
"496",17027,"Winnipeg",2,5,5635,NA,0,NA,"English",NA,NA,0,NA,0,720
"497",17054,"Winnipeg",3,6,6722,NA,1,NA,"West Indian",NA,NA,0,NA,0,310
"498",17058,"Winnipeg",1,7,11404,NA,0,NA,"Polish",NA,NA,2500,NA,264,550
"499",17069,"Winnipeg",4,8,7422,400,0,NA,NA,18.555,15000,NA,NA,3000,80
"500",17125,"Winnipeg",5,9,7449,760,0,"French","French",9.80131578947368,NA,300,NA,0,2700
"501",17157,"Winnipeg",1,9,3270,NA,0,"Ukrainian",NA,NA,NA,0,NA,30,0
"502",17164,"Winnipeg",2,4,6876,NA,0,NA,"German",NA,NA,0,NA,1100,0
"503",17179,"Winnipeg",3,9,10033,800,0,"Canadian","Canadian",12.54125,10000,1200,NA,550,1800
"504",17186,"Winnipeg",4,4,9840,540,0,"Canadian","Canadian",18.2222222222222,NA,3200,NA,4120,5970
"505",17203,"Winnipeg",4,8,8620,600,0,NA,NA,14.3666666666667,32000,600,2000,NA,0
"506",17252,"Winnipeg",1,5,11375,NA,0,NA,NA,NA,NA,0,NA,350,324
"507",17265,"Winnipeg",1,1,11095,NA,0,"Canadian",NA,NA,NA,500,NA,NA,0
"508",17266,"Winnipeg",1,1,11550,NA,0,NA,NA,NA,NA,0,NA,500,850
"509",17283,"Winnipeg",1,2,13181,NA,0,NA,"Ukrainian",NA,NA,1200,NA,NA,1400
"510",17302,"Winnipeg",4,5,8713,520,0,"German","German",16.7557692307692,27000,1200,NA,2569,87
"511",17360,NA,NA,NA,NA,NA,0,NA,NA,NA,NA,NA,NA,NA,NA
"512",17367,"Winnipeg",2,3,6936,NA,0,NA,"Swedish",NA,NA,0,NA,250,623
"513",17370,"Winnipeg",3,2,5080,750,0,"Ukrainian","Ukrainian",6.77333333333333,NA,0,NA,0,5500
"514",17403,"Winnipeg",1,2,25911,NA,0,"Canadian",NA,NA,NA,2800,NA,400,4550
"515",17427,"Winnipeg",5,5,6418,800,0,NA,NA,8.0225,22000,2300,NA,0,3200
"516",17453,"Winnipeg",1,2,14022,NA,0,NA,NA,NA,NA,0,NA,40,188
"517",17454,"Winnipeg",1,2,15775,NA,0,NA,NA,NA,NA,0,NA,200,400
"518",17503,"Winnipeg",3,5,3724,NA,0,NA,NA,NA,NA,0,NA,0,0
"519",17515,"Winnipeg",4,6,12799,720,0,"Italian","Italian",17.7763888888889,23000,500,NA,0,0
"520",17536,"Winnipeg",4,5,5280,800,0,"Norwegian","Canadian",6.6,NA,700,NA,500,1650
"521",17550,"Winnipeg",2,4,7883,NA,0,NA,"English",NA,NA,0,NA,0,2000
"522",17551,"Winnipeg",2,4,4113,NA,0,NA,"English",NA,NA,0,NA,0,0
"523",17573,"Winnipeg",4,9,5649,NA,0,NA,"English",NA,NA,200,NA,172,900
"524",17596,"Winnipeg",1,6,6941,NA,0,NA,NA,NA,NA,0,NA,780,625
"525",17666,"Winnipeg",1,8,13722,NA,0,NA,"Polish",NA,NA,0,NA,4000,0
"526",17805,"Winnipeg",9,3,5458,775,0,"English",NA,7.04258064516129,NA,0,NA,0,0
"527",17867,"Winnipeg",2,4,10839,800,0,"Canadian","Canadian",13.54875,NA,1400,NA,0,2200
"528",17890,"Winnipeg",6,4,8182,400,0,"Canadian","Canadian",20.455,NA,0,NA,0,0
"529",17891,NA,NA,NA,NA,NA,0,NA,NA,NA,NA,NA,NA,NA,NA
"530",17923,"Winnipeg",1,3,13795,NA,0,NA,"Canadian",NA,NA,0,NA,600,2467
"531",17932,"Winnipeg",2,3,10118,800,0,"Mennonite","Mennonite",12.6475,NA,10,NA,1110,40
"532",17949,NA,NA,NA,NA,NA,0,NA,NA,NA,NA,NA,NA,NA,NA
"533",17982,"Winnipeg",2,1,7192,NA,0,"English",NA,NA,NA,1200,NA,NA,3500
"534",17983,"Winnipeg",1,1,12572,NA,0,NA,"Canadian",NA,NA,0,NA,25,300
"535",17990,"Winnipeg",4,6,519,925,0,"Canadian","Canadian",0.561081081081081,NA,400,NA,0,3100
"536",18003,"Winnipeg",1,9,9548,NA,0,NA,"Icelandic",NA,NA,200,NA,330,0
"537",18067,"Winnipeg",7,9,10079,800,0,"German","Canadian",12.59875,30000,0,NA,0,0
"538",18087,"Winnipeg",2,9,7078,NA,0,NA,"Canadian",NA,NA,0,NA,0,350
"539",18279,"Winnipeg",1,3,NA,NA,0,NA,NA,NA,NA,0,NA,200,273
"540",18287,"Winnipeg",5,5,9349,800,0,NA,NA,11.68625,NA,0,NA,0,905
"541",18289,NA,NA,NA,NA,NA,0,NA,NA,NA,NA,NA,NA,NA,NA
"542",18371,"Winnipeg",2,8,17030,800,1,"West Indian","West Indian",21.2875,NA,700,NA,50,6800
"543",18414,"Winnipeg",2,2,4356,960,0,"Canadian","Canadian",4.5375,NA,50,NA,330,0
"544",18427,"Winnipeg",3,5,8377,800,0,"Italian","Canadian",10.47125,NA,NA,NA,300,1900
"545",18434,"Winnipeg",8,4,5746,800,0,"English","Ukrainian",7.1825,NA,500,NA,0,4400
"546",18436,"Winnipeg",5,4,7922,800,0,"Ukrainian","Ukrainian",9.9025,23000,2500,NA,5000,300
"547",18440,"Winnipeg",1,7,10432,NA,1,NA,"Philippine",NA,NA,0,NA,150,0
"548",18458,"Winnipeg",1,7,10798,NA,0,NA,"English",NA,NA,0,NA,599,0
"549",18483,"Winnipeg",1,1,5577,NA,0,"Canadian",NA,NA,NA,0,NA,2850,0
"550",18499,NA,NA,NA,NA,NA,0,NA,NA,NA,NA,NA,NA,NA,NA
"551",18503,"Winnipeg",1,6,1117,NA,0,NA,NA,NA,NA,0,NA,0,500
"552",18505,"Winnipeg",2,9,1323,480,0,NA,NA,2.75625,NA,50,NA,1200,0
"553",18511,"Winnipeg",1,3,NA,NA,1,NA,"Philippine",NA,NA,0,NA,85,900
"554",18514,"Winnipeg",3,3,6929,NA,0,"English",NA,NA,NA,0,NA,250,580
"555",18548,"Winnipeg",2,1,323,NA,0,NA,"Canadian",NA,NA,111,NA,600,800
"556",18551,"Winnipeg",1,1,0,NA,0,NA,NA,NA,NA,2400,NA,1600,0
"557",18553,"Winnipeg",1,9,6197,NA,1,"Chinese",NA,NA,NA,450,NA,200,500
"558",18555,"Winnipeg",1,3,6825,NA,1,NA,"Philippine",NA,NA,0,NA,0,0
"559",18558,"Winnipeg",1,1,0,NA,0,"English",NA,NA,NA,0,NA,0,705
"560",18576,"Winnipeg",2,8,7319,NA,0,NA,"Canadian",NA,NA,0,NA,52,0
"561",18593,"Winnipeg",1,9,10063,NA,0,NA,NA,NA,NA,1750,NA,0,1560
"562",18595,"Winnipeg",2,3,2862,NA,0,NA,"English",NA,NA,0,NA,0,0
"563",18614,"Winnipeg",1,2,6646,NA,1,NA,"Philippine",NA,NA,0,NA,100,660
"564",18629,"Winnipeg",1,2,9605,NA,0,NA,"Ukrainian",NA,NA,0,NA,65,0
"565",18630,"Winnipeg",1,2,6074,NA,0,NA,NA,NA,NA,100,NA,140,1092
"566",18632,"Winnipeg",2,8,4200,NA,0,NA,NA,NA,NA,0,NA,0,0
"567",18674,"Winnipeg",1,2,0,NA,0,"English",NA,NA,NA,0,NA,5,0
"568",18675,"Winnipeg",1,9,443,NA,0,NA,"Canadian",NA,NA,0,NA,0,0
"569",18680,"Winnipeg",1,5,6468,NA,0,"English",NA,NA,NA,3000,NA,700,7600
"570",18701,"Winnipeg",1,5,11441,NA,0,"English",NA,NA,NA,0,NA,135,2200
"571",18705,"Winnipeg",1,7,7769,NA,0,"Scottish",NA,NA,NA,0,NA,726,245
"572",18706,"Winnipeg",1,7,3333,NA,0,NA,NA,NA,NA,1700,NA,1000,800
"573",18713,NA,NA,5,NA,NA,0,NA,NA,NA,NA,NA,NA,NA,NA
"574",18733,NA,NA,2,NA,NA,0,NA,NA,NA,NA,NA,NA,NA,NA
"575",18736,NA,NA,NA,NA,NA,0,NA,NA,NA,NA,NA,NA,NA,NA
"576",18760,NA,NA,1,NA,NA,0,NA,NA,NA,NA,NA,NA,NA,NA
"577",18769,NA,NA,7,NA,NA,0,NA,NA,NA,NA,NA,NA,NA,NA
"578",18773,NA,NA,3,NA,NA,0,NA,NA,NA,NA,NA,NA,NA,NA
"579",18775,NA,NA,NA,NA,NA,0,NA,NA,NA,NA,NA,NA,NA,NA
"580",18798,"Winnipeg",3,9,7845,NA,0,"Canadian",NA,NA,9500,550,NA,0,1000
"581",18825,NA,NA,8,NA,NA,0,NA,NA,NA,NA,NA,NA,NA,NA
"582",18833,NA,NA,NA,NA,NA,0,NA,NA,NA,NA,NA,NA,NA,NA
"583",18837,NA,NA,NA,NA,NA,0,NA,NA,NA,NA,NA,NA,NA,NA
"584",18870,NA,NA,NA,NA,NA,0,NA,NA,NA,NA,NA,NA,NA,NA
"585",18893,NA,NA,NA,NA,NA,0,NA,NA,NA,NA,NA,NA,NA,NA
"586",18894,NA,NA,NA,NA,NA,0,NA,NA,NA,NA,NA,NA,NA,NA
"587",18931,NA,NA,NA,NA,NA,0,NA,NA,NA,NA,NA,NA,NA,NA
"588",18945,NA,NA,NA,NA,NA,0,NA,NA,NA,NA,NA,NA,NA,NA
"589",18951,NA,NA,NA,NA,NA,0,NA,NA,NA,NA,NA,NA,NA,NA
"590",18956,NA,NA,NA,NA,NA,0,NA,NA,NA,NA,NA,NA,NA,NA
"591",18967,NA,NA,NA,NA,NA,0,NA,NA,NA,NA,NA,NA,NA,NA
"592",18971,NA,NA,NA,NA,NA,0,NA,NA,NA,NA,NA,NA,NA,NA
"593",18973,NA,NA,NA,NA,NA,0,NA,NA,NA,NA,NA,NA,NA,NA
"594",19001,NA,NA,NA,NA,NA,0,NA,NA,NA,NA,NA,NA,NA,NA
"595",19011,NA,NA,NA,NA,NA,0,NA,NA,NA,NA,NA,NA,NA,NA
"596",19018,NA,NA,NA,NA,NA,0,NA,NA,NA,NA,NA,NA,NA,NA
"597",19023,NA,NA,NA,NA,NA,0,NA,NA,NA,NA,NA,NA,NA,NA
"598",19030,NA,NA,NA,NA,NA,0,NA,NA,NA,NA,NA,NA,NA,NA
"599",19033,NA,NA,NA,NA,NA,0,NA,NA,NA,NA,NA,NA,NA,NA
"600",19045,NA,NA,NA,NA,NA,0,NA,NA,NA,NA,NA,NA,NA,NA
"601",19050,NA,NA,NA,NA,NA,0,NA,NA,NA,NA,NA,NA,NA,NA
"602",35006,"Dauphin",2,3,6610,800,0,"Ukrainian","Ukrainian",8.2625,25000,1150,NA,80,1020
"603",35007,"Dauphin",6,3,4805,830,0,"Ukrainian","English",5.78915662650602,NA,700,NA,0,2750
"604",35011,"Dauphin",2,3,3717,240,0,NA,"Polish",15.4875,7500,0,NA,0,0
"605",35044,NA,NA,NA,NA,NA,0,NA,NA,NA,NA,NA,NA,NA,NA
"606",35062,"Dauphin",2,3,16976,800,0,"Ukrainian","Ukrainian",21.22,NA,0,NA,1000,50
"607",35066,NA,NA,NA,NA,NA,0,NA,NA,NA,NA,NA,NA,NA,NA
"608",35073,NA,NA,NA,NA,NA,0,NA,NA,NA,NA,NA,NA,NA,NA
"609",35077,"Dauphin",3,3,2355,NA,0,NA,NA,NA,NA,0,NA,0,0
"610",35084,NA,NA,NA,NA,NA,0,NA,NA,NA,NA,NA,NA,NA,NA
"611",35094,"Dauphin",2,3,7566,NA,0,NA,"Canadian",NA,30000,3000,NA,6550,1200
"612",35096,NA,NA,NA,NA,NA,0,NA,NA,NA,NA,NA,NA,NA,NA
"613",35099,NA,NA,NA,NA,NA,0,NA,NA,NA,NA,NA,NA,NA,NA
"614",35104,NA,NA,NA,NA,NA,0,NA,NA,NA,NA,NA,NA,NA,NA
"615",35132,"Dauphin",4,3,6458,NA,0,NA,"Scottish",NA,NA,800,NA,288,1098
"616",35158,"Dauphin",1,3,0,NA,0,NA,"English",NA,NA,0,NA,4000,0
"617",35179,NA,NA,NA,NA,NA,0,NA,NA,NA,NA,NA,NA,NA,NA
"618",35200,NA,NA,NA,NA,NA,0,NA,NA,NA,NA,NA,NA,NA,NA
"619",35216,"Dauphin",6,3,8652,850,0,"Ukrainian","Ukrainian",10.1788235294118,NA,0,NA,0,1700
"620",35233,"Dauphin",3,3,4752,900,0,"English","Ukrainian",5.28,15000,200,3400,2433,0
"621",35281,NA,NA,NA,NA,NA,0,NA,NA,NA,NA,NA,NA,NA,NA
"622",35285,"Dauphin",4,3,6285,400,0,NA,"English",15.7125,16000,100,NA,NA,0
"623",35300,"Dauphin",1,3,659,NA,0,NA,NA,NA,NA,0,NA,0,0
"624",35322,NA,NA,NA,NA,NA,0,NA,NA,NA,NA,NA,NA,NA,NA
"625",35403,"Dauphin",2,3,9199,455,0,"Ukrainian",NA,20.2175824175824,NA,1200,NA,1153,134
"626",35424,"Dauphin",3,3,3830,400,0,NA,"Ukrainian",9.575,10000,350,NA,3770,0
"627",35438,"Dauphin",4,3,5959,840,0,"English","Ukrainian",7.09404761904762,7000,1600,NA,0,4263
"628",35441,"Dauphin",3,3,8493,800,0,"English","English",10.61625,NA,2000,NA,0,3600
"629",35451,NA,NA,NA,NA,NA,0,NA,NA,NA,NA,NA,NA,NA,NA
"630",35464,"Dauphin",3,3,NA,NA,0,NA,"Ukrainian",NA,18000,2055,NA,3500,0
"631",35475,"Dauphin",1,3,10061,NA,0,NA,"Ukrainian",NA,NA,0,NA,0,30
"632",35487,NA,NA,NA,NA,NA,0,NA,NA,NA,NA,NA,NA,NA,NA
"633",35517,"Dauphin",5,3,3224,605,0,"Ukrainian","Ukrainian",5.32892561983471,14000,250,1400,NA,0
"634",35552,NA,NA,NA,NA,NA,0,NA,NA,NA,NA,NA,NA,NA,NA
"635",35578,"Dauphin",2,3,8086,920,0,"Canadian","Ukrainian",8.78913043478261,9000,250,NA,0,349
"636",35579,"Dauphin",7,3,3716,400,0,"Canadian","Canadian",9.29,NA,150,NA,1500,0
"637",35611,NA,NA,NA,NA,NA,0,NA,NA,NA,NA,NA,NA,NA,NA
"638",35617,"Dauphin",2,3,2702,NA,0,NA,NA,NA,NA,0,NA,0,562
"639",35630,"Dauphin",9,3,6889,700,0,"Ukrainian","Ukrainian",9.84142857142857,8000,1000,NA,4500,100
"640",35634,NA,NA,NA,NA,NA,0,NA,NA,NA,NA,NA,NA,NA,NA
"641",35637,"Dauphin",1,3,12084,NA,0,NA,"Ukrainian",NA,12000,1200,NA,0,12000
"642",35650,"Dauphin",2,3,5808,400,0,NA,"English",14.52,NA,400,NA,1000,0
"643",35659,"Dauphin",4,3,9114,NA,0,NA,"Scottish",NA,23000,7500,NA,8800,17000
"644",35662,"Dauphin",1,3,8466,NA,0,NA,NA,NA,NA,0,NA,0,750
"645",35664,NA,NA,NA,NA,NA,0,NA,NA,NA,NA,NA,NA,NA,NA
"646",35723,"Dauphin",1,3,1686,NA,0,NA,"English",NA,NA,0,NA,0,0
"647",35735,NA,NA,NA,NA,NA,0,NA,NA,NA,NA,NA,NA,NA,NA
"648",35738,"Dauphin",6,3,6017,580,0,"Ukrainian","English",10.3741379310345,6500,0,NA,0,0
"649",35739,NA,NA,NA,NA,NA,0,NA,NA,NA,NA,NA,NA,NA,NA
"650",35753,NA,NA,NA,NA,NA,0,NA,NA,NA,NA,NA,NA,NA,NA
"651",35774,NA,NA,NA,NA,NA,0,NA,NA,NA,NA,NA,NA,NA,NA
"652",35816,"Dauphin",4,3,9835,400,0,"Ukrainian","Ukrainian",24.5875,10000,3350,NA,0,7200
"653",35862,"Dauphin",2,3,9174,700,0,"Canadian","Norwegian",13.1057142857143,10000,0,NA,800,0
"654",35879,NA,NA,NA,NA,NA,0,NA,NA,NA,NA,NA,NA,NA,NA
"655",35889,"Dauphin",6,3,9110,750,0,"Canadian","Canadian",12.1466666666667,30000,1000,NA,10000,0
"656",35935,"Dauphin",5,3,9207,800,0,"Ukrainian","Ukrainian",11.50875,17000,400,NA,3300,2300
"657",35957,NA,NA,NA,NA,NA,0,NA,NA,NA,NA,NA,NA,NA,NA
"658",35960,"Dauphin",4,3,4811,400,0,"Canadian","Canadian",12.0275,NA,750,NA,150,3405
"659",35967,"Dauphin",4,3,6744,800,0,NA,"Ukrainian",8.43,NA,4000,NA,7,4205
"660",35982,"Dauphin",3,3,4648,NA,0,NA,"Scottish",NA,NA,0,NA,107,374
"661",35993,"Dauphin",2,3,7147,400,0,"Ukrainian","Ukrainian",17.8675,40000,400,NA,5000,0
"662",36018,"Dauphin",2,3,7471,NA,0,NA,NA,NA,NA,200,NA,0,0
"663",36020,"Dauphin",2,3,5036,1399,0,"Ukrainian","Ukrainian",3.59971408148678,NA,4500,NA,2953,10
"664",36051,NA,NA,NA,NA,NA,0,NA,NA,NA,NA,NA,NA,NA,NA
"665",36067,NA,NA,NA,NA,NA,0,NA,NA,NA,NA,NA,NA,NA,NA
"666",36084,"Dauphin",4,3,6673,840,0,"Icelandic","Icelandic",7.94404761904762,15000,1500,NA,200,2500
"667",36093,"Dauphin",1,3,2525,NA,0,NA,"Ukrainian",NA,20000,400,1200,3595,300
"668",36106,NA,NA,NA,NA,NA,0,NA,NA,NA,NA,NA,NA,NA,NA
"669",36125,"Dauphin",3,3,7920,640,0,NA,NA,12.375,NA,2900,NA,0,4557
"670",36136,"Dauphin",3,3,4738,700,0,"Metis","Metis",6.76857142857143,10000,1200,NA,0,1700
"671",36142,"Dauphin",1,3,3275,NA,0,NA,NA,NA,NA,0,NA,0,0
"672",36148,"Dauphin",5,3,6332,750,0,"German","English",8.44266666666667,NA,200,NA,0,1600
"673",36162,"Dauphin",5,3,NA,770,0,"Canadian","Metis",NA,NA,800,NA,0,1100
"674",36168,"Dauphin",2,3,3616,NA,0,NA,"Canadian",NA,NA,0,NA,0,89
"675",36178,"Dauphin",6,3,834,800,0,"Canadian","Ukrainian",1.0425,NA,1000,5500,400,10000
"676",36209,NA,NA,NA,NA,NA,0,NA,NA,NA,NA,NA,NA,NA,NA
"677",36220,"Dauphin",2,3,5839,NA,0,"Scottish",NA,NA,6000,2100,NA,2736,0
"678",36225,"Dauphin",1,3,9938,NA,0,NA,"Ukrainian",NA,NA,0,NA,2000,130
"679",36229,"Dauphin",8,3,9335,NA,0,"Ukrainian","Ukrainian",NA,18000,1200,NA,0,343
"680",36241,"Dauphin",6,3,4728,475,0,NA,NA,9.95368421052632,5000,175,NA,0,160
"681",36243,"Dauphin",1,3,4015,NA,0,NA,NA,NA,NA,0,NA,0,80
"682",36250,"Dauphin",2,3,7441,300,0,NA,NA,24.8033333333333,10000,100,NA,4000,0
"683",36253,"Dauphin",5,3,7215,930,0,"Ukrainian","Ukrainian",7.75806451612903,8000,100,NA,851,758
"684",36264,"Dauphin",1,3,982,NA,0,NA,"Canadian",NA,NA,NA,NA,0,0
"685",36275,"Dauphin",1,3,1559,NA,0,NA,NA,NA,30000,200,NA,5000,0
"686",36281,"Dauphin",5,3,5189,NA,0,NA,"Canadian",NA,NA,300,NA,0,350
"687",36287,NA,NA,NA,NA,NA,0,NA,NA,NA,NA,NA,NA,NA,NA
"688",36288,"Dauphin",5,3,3328,800,0,"English","Ukrainian",4.16,NA,500,NA,0,1500
"689",36316,"Dauphin",4,3,7422,840,0,"Ukrainian","Ukrainian",8.83571428571429,NA,500,24000,80,0
"690",36323,"Dauphin",5,3,6192,NA,1,"Other",NA,NA,NA,1800,NA,2000,0
"691",36339,"Dauphin",3,3,7541,840,0,"Canadian","Canadian",8.97738095238095,9500,1000,NA,1100,2200
"692",36350,"Dauphin",1,3,2305,NA,0,NA,"Ukrainian",NA,25000,500,NA,10000,0
"693",36360,NA,NA,NA,NA,NA,0,NA,NA,NA,NA,NA,NA,NA,NA
"694",36452,"Dauphin",2,3,0,0,0,NA,NA,0,22000,3000,NA,50000,0
"695",36459,"Dauphin",1,3,0,NA,0,"Finnish",NA,NA,NA,500,35000,1850,1200
"696",36474,"Dauphin",3,3,5137,NA,0,NA,"Canadian",NA,14000,1500,NA,1000,40
"697",36475,NA,NA,NA,NA,NA,0,NA,NA,NA,NA,NA,NA,NA,NA
"698",36477,"Dauphin",3,3,6810,815,0,"German","German",8.3558282208589,22000,3000,NA,0,2000
"699",36479,NA,NA,NA,NA,NA,0,NA,NA,NA,NA,NA,NA,NA,NA
"700",36487,"Dauphin",2,3,6737,NA,0,"Ukrainian","Ukrainian",NA,20000,1500,3000,13000,0
"701",36488,"Dauphin",3,3,17350,720,1,"Philippine","Philippine",24.0972222222222,NA,NA,NA,200,5850
"702",36495,"Dauphin",6,3,4143,NA,0,NA,"English",NA,NA,0,NA,0,350
"703",36499,NA,NA,NA,NA,NA,0,NA,NA,NA,NA,NA,NA,NA,NA
"704",36503,NA,NA,NA,NA,NA,0,NA,NA,NA,NA,NA,NA,NA,NA
"705",36510,NA,NA,NA,NA,NA,0,NA,NA,NA,NA,NA,NA,NA,NA
"706",36529,"Dauphin",1,3,4641,NA,0,NA,NA,NA,8000,0,NA,1651,0
"707",36531,"Dauphin",6,3,6427,880,0,NA,NA,7.30340909090909,20000,400,NA,0,4000
"708",36534,"Dauphin",3,3,7189,900,0,"Irish","Irish",7.98777777777778,NA,500,NA,0,900
"709",36544,"Dauphin",4,3,6430,800,0,"English","English",8.0375,NA,300,NA,0,580
"710",36584,"Dauphin",3,3,5925,400,0,"Ukrainian",NA,14.8125,16000,3822,NA,2700,0
"711",36585,"Dauphin",1,3,14796,NA,0,"Canadian",NA,NA,NA,0,NA,0,1000
"712",36614,"Dauphin",5,3,5878,400,0,"Ukrainian","Ukrainian",14.695,12000,875,NA,100,0
"713",36625,"Dauphin",1,3,2836,NA,0,"Ukrainian",NA,NA,2500,0,NA,0,0
"714",36640,"Dauphin",5,3,6496,845,0,"Canadian","Canadian",7.68757396449704,16000,500,NA,0,14700
"715",36657,"Dauphin",3,3,3199,500,0,"Metis","Metis",6.398,NA,100,NA,0,0
"716",36673,"Dauphin",4,3,10235,NA,0,NA,"German",NA,30000,2500,NA,0,1450
"717",36674,"Dauphin",2,3,0,800,0,NA,NA,0,NA,800,NA,152,0
"718",36679,NA,NA,NA,NA,NA,0,NA,NA,NA,NA,NA,NA,NA,NA
"719",36701,"Dauphin",1,3,234,NA,0,NA,"Ukrainian",NA,16000,0,NA,850,0
"720",36736,"Dauphin",6,3,6158,1000,0,"Canadian","Canadian",6.158,15000,800,NA,0,5800
"721",36744,NA,NA,NA,NA,NA,0,NA,NA,NA,NA,NA,NA,NA,NA
"722",36753,"Dauphin",4,3,4756,NA,0,NA,"Irish",NA,12000,50,NA,1250,650
"723",36799,"Dauphin",3,3,11380,960,0,"Canadian","English",11.8541666666667,26000,500,NA,4299,1950
"724",36805,NA,NA,NA,NA,NA,0,NA,NA,NA,NA,NA,NA,NA,NA
"725",36810,NA,NA,NA,NA,NA,0,NA,NA,NA,NA,NA,NA,NA,NA
"726",36811,NA,NA,NA,NA,NA,0,NA,NA,NA,NA,NA,NA,NA,NA
"727",36818,"Dauphin",6,-1,757,800,0,"Ukrainian","Ukrainian",0.94625,NA,100,NA,NA,0
"728",36819,NA,NA,NA,NA,NA,0,NA,NA,NA,NA,NA,NA,NA,NA
"729",36821,NA,NA,NA,NA,NA,0,NA,NA,NA,NA,NA,NA,NA,NA
"730",36822,NA,NA,NA,NA,NA,0,NA,NA,NA,NA,NA,NA,NA,NA
"731",36829,"Dauphin",2,3,7575,840,0,"Polish","German",9.01785714285714,18000,4000,NA,5000,100
"732",36836,NA,NA,NA,NA,NA,0,NA,NA,NA,NA,NA,NA,NA,NA
"733",36848,"Dauphin",1,3,8455,NA,0,"Canadian",NA,NA,NA,100,NA,500,0
"734",36850,NA,NA,NA,NA,NA,0,NA,NA,NA,NA,NA,NA,NA,NA
"735",36851,NA,NA,NA,NA,NA,0,NA,NA,NA,NA,NA,NA,NA,NA
"736",36861,"Dauphin",3,3,2558,NA,0,NA,"Ukrainian",NA,10000,1700,NA,5000,0
"737",36867,"Dauphin",2,3,2437,0,0,NA,NA,0,NA,600,NA,0,95
"738",36879,"Dauphin",3,3,245,800,0,"English","English",0.30625,NA,2500,NA,NA,10600
"739",36898,NA,NA,NA,NA,NA,0,NA,NA,NA,NA,NA,NA,NA,NA
"740",36900,"Dauphin",1,-1,0,NA,0,NA,NA,NA,1500,65,NA,2200,0
"741",36905,NA,NA,NA,NA,NA,0,NA,NA,NA,NA,NA,NA,NA,NA
"742",36910,NA,NA,NA,NA,NA,0,NA,NA,NA,NA,NA,NA,NA,NA
"743",36924,NA,NA,NA,NA,NA,0,NA,NA,NA,NA,NA,NA,NA,NA
"744",36925,"Dauphin",6,3,4183,400,0,"Ukrainian","Ukrainian",10.4575,NA,75,1000,600,0
"745",36937,"Dauphin",4,3,4674,840,0,"Canadian","Canadian",5.56428571428571,18000,850,NA,20,590
"746",36948,"Dauphin",4,3,7600,880,0,"Belgian/Dutch","Belgian/Dutch",8.63636363636364,7000,1525,NA,110,2075
"747",36958,"Dauphin",6,3,8398,800,0,"German","English",10.4975,9000,1350,NA,70,1000
"748",36959,NA,NA,NA,NA,NA,0,NA,NA,NA,NA,NA,NA,NA,NA
"749",36960,"Dauphin",2,3,2761,NA,0,"Polish","Ukrainian",NA,12000,400,NA,1200,0
"750",36967,NA,NA,NA,NA,NA,0,NA,NA,NA,NA,NA,NA,NA,NA
"751",36974,"Dauphin",5,3,4814,720,0,"Scottish","Scottish",6.68611111111111,6000,2000,NA,2743,495
"752",36986,NA,NA,NA,NA,NA,0,NA,NA,NA,NA,NA,NA,NA,NA
"753",37004,NA,NA,NA,NA,NA,0,NA,NA,NA,NA,NA,NA,NA,NA
"754",37007,NA,NA,NA,NA,NA,0,NA,NA,NA,NA,NA,NA,NA,NA
"755",37011,"Dauphin",2,3,12021,NA,0,"Canadian",NA,NA,NA,400,NA,400,4000
"756",37038,NA,NA,NA,NA,NA,0,NA,NA,NA,NA,NA,NA,NA,NA
"757",37039,NA,NA,NA,NA,NA,0,NA,NA,NA,NA,NA,NA,NA,NA
"758",37041,NA,NA,NA,NA,NA,0,NA,NA,NA,NA,NA,NA,NA,NA
"759",37055,NA,NA,NA,NA,NA,0,NA,NA,NA,NA,NA,NA,NA,NA
"760",37059,NA,NA,NA,NA,NA,0,NA,NA,NA,NA,NA,NA,NA,NA
"761",37090,"Dauphin",1,3,1519,NA,0,"Ukrainian",NA,NA,NA,0,NA,0,300
"762",37112,NA,NA,NA,NA,NA,0,NA,NA,NA,NA,NA,NA,NA,NA
"763",37117,NA,NA,NA,NA,NA,0,NA,NA,NA,NA,NA,NA,NA,NA
"764",37120,NA,NA,NA,NA,NA,0,NA,NA,NA,NA,NA,NA,NA,NA
"765",37121,"Dauphin",2,3,NA,0,0,NA,"Ukrainian",0,7000,3000,NA,10000,0
"766",37128,NA,NA,NA,NA,NA,0,NA,NA,NA,NA,NA,NA,NA,NA
"767",37136,NA,NA,NA,NA,NA,0,NA,NA,NA,NA,NA,NA,NA,NA
"768",37137,NA,NA,NA,NA,NA,0,NA,NA,NA,NA,NA,NA,NA,NA
"769",37148,"Dauphin",7,3,9921,800,0,"Metis","Metis",12.40125,NA,600,NA,0,400
"770",37154,NA,NA,NA,NA,NA,0,NA,NA,NA,NA,NA,NA,NA,NA
"771",37159,"Dauphin",3,3,4491,610,0,NA,NA,7.36229508196721,600,600,NA,0,0
"772",37161,NA,NA,NA,NA,NA,0,NA,NA,NA,NA,NA,NA,NA,NA
"773",37168,"Dauphin",2,3,1378,0,0,NA,NA,0,7000,3300,NA,38547,0
"774",37172,NA,NA,NA,NA,NA,0,NA,NA,NA,NA,NA,NA,NA,NA
"775",37178,NA,NA,NA,NA,NA,0,NA,NA,NA,NA,NA,NA,NA,NA
"776",37191,"Dauphin",2,3,0,800,0,"Ukrainian","Ukrainian",0,NA,200,NA,25000,0
"777",37195,NA,NA,NA,NA,NA,0,NA,NA,NA,NA,NA,NA,NA,NA
"778",37197,NA,NA,NA,NA,NA,0,NA,NA,NA,NA,NA,NA,NA,NA
"779",37220,"Dauphin",2,3,5155,NA,0,NA,"Scottish",NA,NA,1500,NA,0,350
"780",37223,NA,NA,NA,NA,NA,0,NA,NA,NA,NA,NA,NA,NA,NA
"781",37226,NA,NA,NA,NA,NA,0,NA,NA,NA,NA,NA,NA,NA,NA
"782",37227,"Dauphin",6,3,1988,800,0,"Ukrainian","Ukrainian",2.485,3000,0,NA,0,600
"783",37229,"Dauphin",2,3,5973,700,0,"Norwegian","English",8.53285714285714,4000,1200,NA,15241,353
"784",37232,NA,NA,NA,NA,NA,0,NA,NA,NA,NA,NA,NA,NA,NA
"785",37249,"Dauphin",1,3,1426,NA,0,NA,"Ukrainian",NA,8000,NA,3000,2000,0
"786",37253,NA,NA,NA,NA,NA,0,NA,NA,NA,NA,NA,NA,NA,NA
"787",37255,NA,NA,NA,NA,NA,0,NA,NA,NA,NA,NA,NA,NA,NA
"788",37267,"Dauphin",2,3,0,0,0,NA,NA,0,4000,1900,NA,7500,0
"789",37276,NA,NA,NA,NA,NA,0,NA,NA,NA,NA,NA,NA,NA,NA
"790",37278,NA,NA,NA,NA,NA,0,NA,NA,NA,NA,NA,NA,NA,NA
"791",37280,"Dauphin",1,3,3403,NA,0,NA,NA,NA,NA,0,NA,232,0
"792",37289,NA,NA,NA,NA,NA,0,NA,NA,NA,NA,NA,NA,NA,NA
"793",37290,"Dauphin",5,3,8863,540,0,"English",NA,16.412962962963,20000,3800,1000,800,1150
"794",37298,"Dauphin",3,3,0,840,0,"Polish","French",0,12000,800,NA,0,8000
"795",37301,"Dauphin",4,3,6207,800,0,"Canadian","Canadian",7.75875,5000,1700,NA,0,1400
"796",37311,NA,NA,NA,NA,NA,0,NA,NA,NA,NA,NA,NA,NA,NA
"797",37346,NA,NA,NA,NA,NA,0,NA,NA,NA,NA,NA,NA,NA,NA
"798",37349,"Dauphin",4,3,9728,850,0,"French","French",11.4447058823529,6000,1400,NA,0,3895
"799",37350,"Dauphin",4,3,6387,840,0,"Canadian","English",7.60357142857143,18000,700,NA,0,2800
"800",37367,NA,NA,NA,NA,NA,0,NA,NA,NA,NA,NA,NA,NA,NA
"801",37380,"Dauphin",4,3,5822,1000,0,"English","Ukrainian",5.822,NA,800,NA,5800,200
"802",37401,NA,NA,NA,NA,NA,0,NA,NA,NA,NA,NA,NA,NA,NA
"803",37407,NA,NA,NA,NA,NA,0,NA,NA,NA,NA,NA,NA,NA,NA
"804",37422,NA,NA,NA,NA,NA,0,NA,NA,NA,NA,NA,NA,NA,NA
"805",37426,NA,NA,NA,NA,NA,0,NA,NA,NA,NA,NA,NA,NA,NA
"806",37440,NA,NA,NA,NA,NA,0,NA,NA,NA,NA,NA,NA,NA,NA
"807",37453,"Dauphin",2,3,3814,1060,0,"Ukrainian","Ukrainian",3.59811320754717,NA,100,NA,100,600
"808",37457,NA,NA,NA,NA,NA,0,NA,NA,NA,NA,NA,NA,NA,NA
"809",37461,NA,NA,NA,NA,NA,0,NA,NA,NA,NA,NA,NA,NA,NA
"810",37474,NA,NA,NA,NA,NA,0,NA,NA,NA,NA,NA,NA,NA,NA
"811",37477,NA,NA,NA,NA,NA,0,NA,NA,NA,NA,NA,NA,NA,NA
"812",37483,NA,NA,NA,NA,NA,0,NA,NA,NA,NA,NA,NA,NA,NA
"813",37488,NA,NA,NA,NA,NA,0,NA,NA,NA,NA,NA,NA,NA,NA
"814",37520,"Dauphin",3,3,6489,NA,0,NA,"English",NA,8000,500,NA,NA,0
"815",37538,"Dauphin",6,3,10833,650,0,"Ukrainian","Ukrainian",16.6661538461538,16000,2150,NA,1000,300
"816",37561,"Dauphin",2,3,8392,800,0,"Canadian","Canadian",10.49,NA,500,NA,630,770
"817",37579,"Dauphin",4,3,9086,855,0,"German","Scottish",10.6269005847953,12000,1200,NA,13200,75
"818",37610,NA,NA,NA,NA,NA,0,NA,NA,NA,NA,NA,NA,NA,NA
"819",37623,"Dauphin",3,3,4116,NA,0,NA,"Ukrainian",NA,NA,0,NA,0,300
"820",37629,"Dauphin",2,3,4426,NA,0,NA,"Metis",NA,NA,0,NA,0,176
"821",37640,"Dauphin",2,3,2017,NA,0,NA,"Polish",NA,NA,0,NA,0,200
"822",37644,"Dauphin",6,3,5122,800,0,"Ukrainian","Ukrainian",6.4025,12000,1300,NA,12000,940
"823",37649,"Dauphin",3,3,6422,840,0,"Ukrainian","Ukrainian",7.6452380952381,26000,1800,NA,10600,200
"824",37651,"Dauphin",7,3,6022,880,0,"Ukrainian","Ukrainian",6.84318181818182,22000,700,NA,0,0
"825",37666,"Dauphin",3,3,6153,440,0,"Ukrainian",NA,13.9840909090909,25000,2200,NA,15200,5000
"826",37718,NA,NA,NA,NA,NA,0,NA,NA,NA,NA,NA,NA,NA,NA
"827",37720,"Dauphin",1,3,5727,NA,0,NA,"Polish",NA,9000,800,NA,4000,0
"828",37744,NA,NA,NA,NA,NA,0,NA,NA,NA,NA,NA,NA,NA,NA
"829",37746,"Dauphin",2,3,6902,800,0,"Canadian","Canadian",8.6275,NA,0,NA,0,0
"830",37755,"Dauphin",3,3,4479,520,0,"English","German",8.61346153846154,NA,0,NA,0,57
"831",37760,NA,NA,NA,NA,NA,0,NA,NA,NA,NA,NA,NA,NA,NA
"832",37761,NA,NA,NA,NA,NA,0,NA,NA,NA,NA,NA,NA,NA,NA
"833",37781,"Dauphin",2,3,319,NA,0,NA,"English",NA,NA,0,NA,30,0
"834",37792,"Dauphin",2,3,4344,210,0,NA,"English",20.6857142857143,12000,2150,NA,1072,1880
"835",37856,"Dauphin",1,3,10107,NA,0,"Ukrainian",NA,NA,9000,400,NA,800,40
"836",37885,NA,NA,NA,NA,NA,0,NA,NA,NA,NA,NA,NA,NA,NA
"837",37901,"Dauphin",3,3,7660,800,0,"Canadian","Canadian",9.575,12000,600,NA,1500,250
"838",37903,"Dauphin",3,3,280,400,0,NA,"Ukrainian",0.7,24000,300,NA,70000,0
"839",37914,"Dauphin",6,3,6603,750,0,"German","Ukrainian",8.804,10000,4750,NA,0,4000
"840",37920,"Dauphin",4,3,6399,800,0,"English","English",7.99875,NA,2000,NA,1000,400
"841",37923,NA,NA,NA,NA,NA,0,NA,NA,NA,NA,NA,NA,NA,NA
"842",37934,"Dauphin",1,3,NA,NA,0,NA,"Ukrainian",NA,6000,0,NA,0,0
"843",37936,"Dauphin",3,3,4071,440,0,"Ukrainian",NA,9.25227272727273,6000,50,NA,0,NA
"844",37973,"Dauphin",6,3,3163,400,0,"Canadian","Canadian",7.9075,17000,400,NA,700,0
"845",37981,"Dauphin",6,3,1675,550,0,"Canadian","Canadian",3.04545454545455,7500,500,NA,1000,0
"846",37984,"Dauphin",1,3,10745,NA,0,"Canadian",NA,NA,NA,4000,NA,286,6700
"847",37986,"Dauphin",3,3,7986,763,0,"Ukrainian","Polish",10.4665792922674,22000,1750,NA,2750,2000
"848",37988,"Dauphin",3,3,6799,940,0,"Ukrainian","Metis",7.23297872340426,NA,200,NA,0,0
"849",38018,NA,NA,NA,NA,NA,0,NA,NA,NA,NA,NA,NA,NA,NA
"850",38045,"Dauphin",3,3,7197,NA,0,NA,"Yugoslavian/Czech/Hungarian",NA,NA,400,NA,1000,600
"851",38049,"Dauphin",4,3,1423,740,0,"Canadian","Canadian",1.92297297297297,NA,2000,NA,7000,0
"852",38094,NA,NA,NA,NA,NA,0,NA,NA,NA,NA,NA,NA,NA,NA
"853",38114,NA,NA,NA,NA,NA,0,NA,NA,NA,NA,NA,NA,NA,NA
"854",38132,"Dauphin",3,3,13068,815,0,"Ukrainian","English",16.0343558282209,NA,2700,NA,400,2093
"855",38163,NA,NA,NA,NA,NA,0,NA,NA,NA,NA,NA,NA,NA,NA
"856",38164,NA,NA,NA,NA,NA,0,NA,NA,NA,NA,NA,NA,NA,NA
"857",38168,"Dauphin",3,3,9450,580,0,"Canadian","Canadian",16.2931034482759,NA,1200,NA,300,657
"858",38169,"Dauphin",1,-1,2456,NA,0,NA,NA,NA,8000,0,NA,0,0
"859",38324,"Dauphin",6,3,3654,605,0,"German","German",6.0396694214876,NA,1725,NA,0,1100
"860",38346,"Dauphin",2,3,5304,NA,0,"Canadian",NA,NA,16000,1200,NA,2000,0
"861",38352,NA,NA,NA,NA,NA,0,NA,NA,NA,NA,NA,NA,NA,NA
"862",38416,NA,NA,NA,NA,NA,0,NA,NA,NA,NA,NA,NA,NA,NA
"863",38437,"Dauphin",2,3,302,NA,0,NA,"Canadian",NA,NA,0,NA,0,0
"864",38439,NA,NA,NA,NA,NA,0,NA,NA,NA,NA,NA,NA,NA,NA
"865",38449,"Dauphin",1,3,0,NA,0,NA,"Scottish",NA,NA,0,NA,0,0
"866",38450,NA,NA,NA,NA,NA,0,NA,NA,NA,NA,NA,NA,NA,NA
"867",38452,"Dauphin",4,3,5558,NA,0,NA,"Ukrainian",NA,18000,700,NA,1500,0
"868",38461,"Dauphin",2,3,8464,530,0,"Canadian","Canadian",15.9698113207547,NA,0,NA,0,560
"869",38478,NA,NA,NA,NA,NA,0,NA,NA,NA,NA,NA,NA,NA,NA
"870",38486,NA,NA,NA,NA,NA,0,NA,NA,NA,NA,NA,NA,NA,NA
"871",38487,NA,NA,NA,NA,NA,0,NA,NA,NA,NA,NA,NA,NA,NA
"872",38488,NA,NA,NA,NA,NA,0,NA,NA,NA,NA,NA,NA,NA,NA
"873",38489,NA,NA,NA,NA,NA,0,NA,NA,NA,NA,NA,NA,NA,NA
"874",38494,NA,NA,NA,NA,NA,0,NA,NA,NA,NA,NA,NA,NA,NA
"875",38497,NA,NA,NA,NA,NA,0,NA,NA,NA,NA,NA,NA,NA,NA
"876",38498,NA,NA,NA,NA,NA,0,NA,NA,NA,NA,NA,NA,NA,NA
"877",38500,NA,NA,NA,NA,NA,0,NA,NA,NA,NA,NA,NA,NA,NA
"878",38504,NA,NA,NA,NA,NA,0,NA,NA,NA,NA,NA,NA,NA,NA
"879",38505,NA,NA,NA,NA,NA,0,NA,NA,NA,NA,NA,NA,NA,NA
"880",38509,NA,NA,NA,NA,NA,0,NA,NA,NA,NA,NA,NA,NA,NA
"881",38510,NA,NA,NA,NA,NA,0,NA,NA,NA,NA,NA,NA,NA,NA
"882",38511,NA,NA,NA,NA,NA,0,NA,NA,NA,NA,NA,NA,NA,NA
"883",38515,NA,NA,NA,NA,NA,0,NA,NA,NA,NA,NA,NA,NA,NA
"884",38527,NA,NA,NA,NA,NA,0,NA,NA,NA,NA,NA,NA,NA,NA
"885",38539,NA,NA,NA,NA,NA,0,NA,NA,NA,NA,NA,NA,NA,NA
"886",38540,NA,NA,NA,NA,NA,0,NA,NA,NA,NA,NA,NA,NA,NA
"887",38543,NA,NA,NA,NA,NA,0,NA,NA,NA,NA,NA,NA,NA,NA
"888",38544,NA,NA,NA,NA,NA,0,NA,NA,NA,NA,NA,NA,NA,NA
"889",38549,NA,NA,NA,NA,NA,0,NA,NA,NA,NA,NA,NA,NA,NA
"890",38559,NA,NA,NA,NA,NA,0,NA,NA,NA,NA,NA,NA,NA,NA
"891",38568,NA,NA,NA,NA,NA,0,NA,NA,NA,NA,NA,NA,NA,NA
"892",38585,NA,NA,NA,NA,NA,0,NA,NA,NA,NA,NA,NA,NA,NA
"893",38587,NA,NA,NA,NA,NA,0,NA,NA,NA,NA,NA,NA,NA,NA
"894",38588,NA,NA,NA,NA,NA,0,NA,NA,NA,NA,NA,NA,NA,NA
"895",38591,NA,NA,NA,NA,NA,0,NA,NA,NA,NA,NA,NA,NA,NA
"896",38592,NA,NA,NA,NA,NA,0,NA,NA,NA,NA,NA,NA,NA,NA
"897",38603,NA,NA,NA,NA,NA,0,NA,NA,NA,NA,NA,NA,NA,NA
"898",38624,NA,NA,NA,NA,NA,0,NA,NA,NA,NA,NA,NA,NA,NA
"899",38626,NA,NA,NA,NA,NA,0,NA,NA,NA,NA,NA,NA,NA,NA
"900",38627,NA,NA,NA,NA,NA,0,NA,NA,NA,NA,NA,NA,NA,NA
"901",38629,NA,NA,NA,NA,NA,0,NA,NA,NA,NA,NA,NA,NA,NA
"902",38631,NA,NA,NA,NA,NA,0,NA,NA,NA,NA,NA,NA,NA,NA
"903",38632,NA,NA,NA,NA,NA,0,NA,NA,NA,NA,NA,NA,NA,NA
"904",38635,NA,NA,NA,NA,NA,0,NA,NA,NA,NA,NA,NA,NA,NA
"905",38636,NA,NA,NA,NA,NA,0,NA,NA,NA,NA,NA,NA,NA,NA
"906",38639,NA,NA,NA,NA,NA,0,NA,NA,NA,NA,NA,NA,NA,NA
"907",71007,"Rural",4,3,3654,NA,0,NA,NA,NA,NA,0,NA,100,450
"908",71036,"Rural",2,3,NA,NA,0,NA,"French",NA,NA,0,NA,116,0
"909",71151,"Rural",1,3,0,NA,0,NA,NA,NA,5000,2500,NA,4000,0
"910",71153,"Rural",4,9,3406,NA,0,NA,"English",NA,8000,0,NA,225,0
"911",71159,"Rural",5,3,7759,800,0,"Canadian","Canadian",9.69875,NA,2000,NA,0,0
"912",71164,"Rural",2,3,16861,NA,0,NA,"Canadian",NA,11000,0,NA,1200,268
"913",71179,"Rural",9,9,4168,NA,1,NA,"Native Indian band",NA,NA,0,NA,0,0
"914",71301,"Rural",7,3,4651,NA,1,NA,"Native Indian band",NA,NA,0,NA,500,1120
"915",71361,"Rural",4,9,8657,800,0,NA,NA,10.82125,17000,3700,NA,2440,2380
"916",71419,"Rural",7,9,4551,NA,1,NA,"Native Indian band",NA,NA,0,NA,0,370
"917",71472,"Rural",2,3,7829,760,0,"English","English",10.3013157894737,NA,3500,NA,100,2700
"918",71485,"Rural",3,9,5516,800,0,"English","English",6.895,NA,400,NA,100,700
"919",71504,"Rural",3,3,4232,NA,0,NA,"Ukrainian",NA,NA,0,NA,0,150
"920",71529,"Rural",4,9,11579,605,0,"Canadian","Canadian",19.1388429752066,30000,2500,NA,8500,2045
"921",71556,"Rural",4,3,4623,NA,0,NA,"English",NA,NA,0,NA,0,3300
"922",71573,"Rural",1,3,4016,NA,0,NA,NA,NA,10000,0,NA,10,0
"923",71701,"Rural",5,3,7955,440,0,"Polish","Yugoslavian/Czech/Hungarian",18.0795454545455,30000,3400,NA,NA,600
"924",71788,"Rural",3,3,5129,NA,0,NA,"English",NA,NA,0,NA,250,453
"925",73007,"Rural",4,3,4135,NA,0,"English",NA,NA,6000,0,NA,250,0
"926",73011,"Rural",4,3,7233,670,0,NA,NA,10.7955223880597,14000,200,NA,0,5150
"927",73029,"Rural",5,9,7741,910,0,NA,NA,8.50659340659341,NA,3200,NA,2400,0
"928",73031,"Rural",2,3,2068,NA,0,NA,"Canadian",NA,NA,0,NA,0,0
"929",73047,"Rural",4,9,7177,840,0,"Canadian","Canadian",8.54404761904762,9000,3000,NA,12000,0
"930",73048,"Rural",5,3,5117,999,0,"German","German",5.12212212212212,NA,100,NA,0,400
"931",73049,"Rural",3,3,11215,830,0,"Canadian","Canadian",13.5120481927711,10000,800,NA,0,880
"932",73056,"Rural",4,3,6053,NA,0,"Welsh","Irish",NA,20000,3400,NA,3500,0
"933",73073,"Rural",2,9,7451,840,0,"Scottish","Scottish",8.8702380952381,16000,1800,NA,3500,0
"934",73204,NA,NA,3,NA,NA,0,NA,NA,NA,NA,NA,NA,NA,NA
"935",75009,"Rural",3,3,6172,0,0,NA,NA,0,15000,1500,NA,0,900
"936",75032,"Rural",1,3,7874,NA,0,NA,NA,NA,NA,0,NA,719,0
"937",75068,NA,NA,NA,NA,NA,0,NA,NA,NA,NA,NA,NA,NA,NA
"938",75208,"Rural",3,3,616,NA,0,NA,NA,NA,12000,1600,NA,1100,0
"939",75229,"Rural",2,3,2842,NA,0,NA,"Canadian",NA,NA,0,NA,NA,180
"940",77000,"Rural",5,3,7944,NA,0,"Canadian","Canadian",NA,30000,NA,NA,800,5531
"941",77002,"Rural",5,3,4253,NA,0,"Canadian","Canadian",NA,18000,3500,NA,310,5825
"942",77069,"Rural",6,3,720,NA,0,"German","German",NA,10000,2000,NA,14700,6000
"943",77077,NA,NA,NA,NA,NA,0,NA,NA,NA,NA,NA,NA,NA,NA
"944",77087,"Rural",5,3,6780,800,0,"Mennonite","Mennonite",8.475,15000,300,NA,0,330
"945",77089,"Rural",3,3,2160,NA,0,NA,"German",NA,32000,NA,NA,6000,0
"946",77187,"Rural",2,9,8233,800,0,"Canadian","Canadian",10.29125,NA,1700,NA,200,2040
"947",77210,"Rural",1,3,4803,NA,0,"Canadian",NA,NA,4000,0,NA,3000,0
"948",77229,"Rural",7,9,5336,450,0,"Mennonite","Mennonite",11.8577777777778,12500,1400,NA,300,1300
"949",79023,"Rural",6,3,4750,NA,0,NA,"Ukrainian",NA,NA,0,NA,0,0
"950",79025,"Rural",4,9,5007,800,0,"Canadian","Scottish",6.25875,3500,1100,NA,1500,0
"951",79033,"Rural",3,9,6353,800,0,"Canadian","Canadian",7.94125,8000,400,NA,440,1700
"952",79051,"Rural",6,9,7728,550,0,"Canadian","Canadian",14.0509090909091,20000,2400,NA,6357,4000
"953",79063,"Rural",2,3,2944,NA,0,NA,"Canadian",NA,6500,0,NA,5000,0
"954",79116,"Rural",5,3,5583,770,0,"Canadian","Canadian",7.25064935064935,15000,300,NA,2500,0
"955",79133,NA,NA,NA,NA,NA,0,NA,NA,NA,NA,NA,NA,NA,NA
"956",79143,NA,NA,NA,NA,NA,0,NA,NA,NA,NA,NA,NA,NA,NA
"957",79147,NA,NA,NA,NA,NA,0,NA,NA,NA,NA,NA,NA,NA,NA
"958",81026,"Rural",4,3,5077,NA,0,NA,"French",NA,NA,2200,1800,100,1120
"959",81032,"Rural",1,3,5774,NA,0,NA,"French",NA,NA,650,NA,9697,50
"960",81044,"Rural",3,3,3574,NA,0,NA,"German",NA,NA,0,NA,0,180
"961",81062,"Rural",4,3,5342,800,0,"Danish","French",6.6775,NA,300,NA,0,1000
"962",81105,"Rural",7,3,6167,840,0,"German","Canadian",7.34166666666667,NA,1000,NA,1250,100
"963",81125,"Rural",7,9,5730,800,0,"German","German",7.1625,8000,800,NA,160,1170
"964",81158,NA,NA,NA,NA,NA,0,NA,NA,NA,NA,NA,NA,NA,NA
"965",83005,"Rural",5,3,6264,NA,0,NA,"Ukrainian",NA,18000,0,NA,0,0
"966",83016,"Rural",3,3,7042,440,0,"Belgian/Dutch","Irish",16.0045454545455,32000,300,NA,3750,0
"967",83022,"Rural",3,3,6719,845,0,"Polish","Irish",7.95147928994083,10000,200,NA,125,60
"968",83029,"Rural",1,9,0,NA,0,NA,"Canadian",NA,6000,200,NA,2000,0
"969",83032,"Rural",5,3,7871,800,0,"English","English",9.83875,NA,1900,NA,0,2750
"970",83045,"Rural",5,9,8617,NA,0,"Irish",NA,NA,14000,2000,NA,8000,0
"971",83047,"Rural",2,3,5582,NA,0,NA,NA,NA,NA,0,NA,0,0
"972",83053,"Rural",2,3,9017,400,0,"English","Scottish",22.5425,5000,50,NA,5000,0
"973",83071,"Rural",2,3,3138,400,0,NA,"Ukrainian",7.845,18000,2500,NA,0,0
"974",83086,"Rural",5,3,13311,800,0,"Canadian","Canadian",16.63875,13000,600,NA,6200,1000
"975",83105,"Rural",4,3,6778,770,0,"Canadian","Canadian",8.8025974025974,6500,800,NA,3800,0
"976",83111,"Rural",5,9,6453,550,0,NA,NA,11.7327272727273,12000,900,NA,0,140
"977",83133,"Rural",2,3,3085,NA,0,"Canadian","Canadian",NA,2000,800,NA,0,0
"978",83134,"Rural",5,3,8426,NA,0,"Ukrainian","English",NA,2000,100,NA,0,276
"979",83144,"Rural",3,3,12837,950,0,"Canadian","Canadian",13.5126315789474,5000,800,NA,600,0
"980",83155,"Rural",3,9,2917,625,0,"Canadian","Canadian",4.6672,14050,1275,NA,300,2380
"981",83163,"Rural",3,3,9857,748,0,"Canadian","Canadian",13.177807486631,NA,5300,2000,300,6800
"982",83193,NA,NA,NA,NA,NA,0,NA,NA,NA,NA,NA,NA,NA,NA
"983",83195,"Rural",6,3,6690,470,0,"Canadian","Polish",14.2340425531915,NA,2200,NA,700,870
"984",83201,NA,NA,NA,NA,NA,0,NA,NA,NA,NA,NA,NA,NA,NA
"985",83202,"Rural",4,3,8512,800,0,"Canadian","Canadian",10.64,6000,400,NA,0,1500
"986",83204,"Rural",2,3,8640,NA,0,NA,"English",NA,NA,600,NA,1200,0
"987",83227,NA,NA,NA,NA,NA,0,NA,NA,NA,NA,NA,NA,NA,NA
"988",83267,NA,NA,NA,NA,NA,0,NA,NA,NA,NA,NA,NA,NA,NA
"989",83273,NA,NA,NA,NA,NA,0,NA,NA,NA,NA,NA,NA,NA,NA
"990",85004,"Rural",3,3,8359,900,0,"Canadian","Canadian",9.28777777777778,NA,2525,NA,850,1000
"991",85029,"Rural",5,3,4785,300,0,"German","German",15.95,35000,200,NA,1000,40
"992",85033,NA,NA,NA,NA,NA,0,NA,NA,NA,NA,NA,NA,NA,NA
"993",85043,"Rural",6,9,8038,600,0,"Irish","Scottish",13.3966666666667,25000,1500,NA,900,300
"994",85172,"Rural",5,3,5650,440,0,"Canadian",NA,12.8409090909091,6000,1600,NA,132,0
"995",85185,NA,NA,NA,NA,NA,0,NA,NA,NA,NA,NA,NA,NA,NA
"996",85195,NA,NA,NA,NA,NA,0,NA,NA,NA,NA,NA,NA,NA,NA
"997",85197,NA,NA,NA,NA,NA,0,NA,NA,NA,NA,NA,NA,NA,NA
"998",85205,NA,NA,NA,NA,NA,0,NA,NA,NA,NA,NA,NA,NA,NA
"999",85211,NA,NA,NA,NA,NA,0,NA,NA,NA,NA,NA,NA,NA,NA
"1000",85227,NA,NA,NA,NA,NA,0,NA,NA,NA,NA,NA,NA,NA,NA
"1001",85232,NA,NA,NA,NA,NA,0,NA,NA,NA,NA,NA,NA,NA,NA
"1002",85238,NA,NA,NA,NA,NA,0,NA,NA,NA,NA,NA,NA,NA,NA
